theta   d_times   d_db
1e-09   0.0   -90.0
0.0015711901235757903   7.565602286281717e-05   -41.21150752386246
0.0031423792471515807   0.0003026242722653708   -35.19094806824742
0.004713568370727371   0.0006809058675082288   -31.669122855809647
0.006284757494303162   0.0012105026713223916   -29.17033889053609
0.007855946617878952   0.001891417285548866   -27.23212416677238
0.009427135741454741   0.002723653045270328   -25.648480567341842
0.010998324865030532   0.003707214011034407   -24.30952225031168
0.012569513988606323   0.00484210495970926   -23.149657111327144
0.014140703112182114   0.006128331373222835   -22.126576885546054
0.015711892235757904   0.007565899426045325   -21.211393787059265
0.017283081359333693   0.00915481597051371   -20.3835033399369
0.018854270482909483   0.010895088520927333   -19.627691969656805
0.020425459606485275   0.01278672523554093   -18.932406329906044
0.021996648730061064   0.014829734897148552   -18.288665832556614
0.023567837853636857   0.017024126891717575   -17.68935126787619
0.025139026977212646   0.019369911185641242   -17.12872348169784
0.026710216100788435   0.021867098300902846   -16.60208822868266
0.028281405224364228   0.024515699288927863   -16.105556966550733
0.029852594347940017   0.027315725702486436   -15.635872411065034
0.03142378347151581   0.030267189565909687   -15.190278888666008
0.0329949725950916   0.03337010334377245   -14.766424353633747
0.03456616171866739   0.03662447990769599   -14.362285220104168
0.03613735084224318   0.040030332501603455   -13.976107916759904
0.037708539965818966   0.043587674705109575   -13.606362889396095
0.03927972908939476   0.04729652039541877   -13.251707999456881
0.04085091821297055   0.05115688370728878   -12.91095910550469
0.04242210733654634   0.05516877899154447   -12.583066199719061
0.04399329646012213   0.059332220771713136   -12.267093886399806
0.04556448558369792   0.06364722369901683   -11.962205287609997
0.047135674707273714   0.06811380250566666   -11.667648678395132
0.0487068638308495   0.07273197195657041   -11.382746314230673
0.05027805295442529   0.07750174679909345   -11.106885032879783
0.05184924207800108   0.0824231417113999   -10.839508302846355
0.05342043120157687   0.08749617124889021   -10.580109459210805
0.05499162032515267   0.09272084978909481   -10.328225920216614
0.056562809448728456   0.09809719147476252   -10.083434218776075
0.058133998572304245   0.10362521015536498   -9.84534571486144
0.059705187695880034   0.10930491932675532   -9.613602879801874
0.06127637681945582   0.11513633206931384   -9.387876063306168
0.06284756594303162   0.12111946098424949   -9.167860669869233
0.06441875506660741   0.12725431812840474   -8.953274683876696
0.0659899441901832   0.13354091494703688   -8.743856492993341
0.06756113331375899   0.13997926220535484   -8.539362967683877
0.06913232243733478   0.146569369917966   -8.339567761553404
0.07070351156091056   0.1533112472769418   -8.144259802702402
0.07227470068448635   0.16020490257793396   -7.95324195091691
0.07384588980806214   0.16725034314488632   -7.766329799274257
0.07541707893163793   0.17444757525282678   -7.583350601931435
0.07698826805521373   0.18179660404909112   -7.404142312472354
0.07855945717878952   0.18929743347295208   -7.228552719410651
0.08013064630236531   0.19695006617333397   -7.056438667309334
0.0817018354259411   0.20475450342507703   -6.887665353529551
0.08327302454951689   0.2127107450435136   -6.7221056919688404
0.08484421367309268   0.22081878929719528   -6.559639736277541
0.08641540279666847   0.2290786328191593   -6.400154155996095
0.08798659192024426   0.23749027051640584   -6.243541759897565
0.08955778104382005   0.24605369547783754   -6.089701061516701
0.09112897016739584   0.2547688988803307   -5.9385358824686785
0.09270015929097164   0.26363586989340093   -5.78995498967285
0.09427134841454743   0.2726545955819934   -5.643871763070037
0.09584253753812322   0.2818250608078707   -5.500203890800991
0.09741372666169901   0.29114724812906695   -5.358873089174897
0.0989849157852748   0.3006211376979456   -5.2198048450394685
0.10055610490885059   0.3102467071574808   -5.082928178441425
0.10212729403242637   0.3200239315360032   -4.948175423686163
0.10369848315600216   0.3299527831401729   -4.81548202711428
0.10526967227957795   0.34003323144649733   -4.68478636008223
0.10684086140315374   0.35026524299116946   -4.556029545798573
0.10841205052672953   0.36064878125816713   -4.429155298802682
0.10998323965030533   0.37118380656596206   -4.304109775990171
0.11155442877388112   0.38187027595244477   -4.180841438207047
0.11312561789745691   0.3927081430583865   -4.059300921521877
0.1146968070210327   0.40369735800918394   -3.9394409173779037
0.11626799614460849   0.4148378672950713   -3.8212160608981165
0.11783918526818428   0.4261296136498346   -3.7045828266863756
0.11941037439176007   0.4375725359278257   -3.5894994315309603
0.12098156351533586   0.4491665689794378   -3.475925743467514
0.12255275263891165   0.4609116435251029   -3.3638231967085
0.12412394176248744   0.4728076860276537   -3.253154711992343
0.12569513088606324   0.4848546185631957   -3.143884621941858
0.12726632000963903   0.4970523586904015   -3.0359786010594703
0.12883750913321482   0.5094008193182485   -2.929403600017679
0.1304086982567906   0.5218999085724043   -2.8241277839307233
0.1319798873803664   0.5345495296599184   -2.720120474324319
0.13355107650394218   0.5473495807324472   -2.6173520945390005
0.13512226562751797   0.5602999547481179   -2.515794118325369
0.13669345475109376   0.573400539331711   -2.415419021412436
0.13826464387466955   0.5866512166336033   -2.316200235841831
0.13983583299824534   0.6000518631870586   -2.2181121068835807
0.14140702212182113   0.6136023497641389   -2.1211298523583864
0.14297821124539692   0.627302541230249   -2.0252295242068956
0.1445494003689727   0.6411522963971725   -1.9303879721596973
0.1461205894925485   0.655151467874666   -1.836582809371348
0.1476917786161243   0.6692999019208247   -1.7437923798910888
0.14926296773970008   0.6835974382908184   -1.651995727856341
0.15083415686327586   0.6980439100845266   -1.5611725682974273
0.15240534598685168   0.7126391435925743   -1.4713032594565694
0.15397653511042747   0.7273829581411617   -1.3823687765256165
0.15554772423400326   0.7422751659355957   -1.2943506867167611
0.15711891335757905   0.75731557190234   -1.2072311255870174
0.15869010248115484   0.7725039735299585   -1.1209927745395147
0.16026129160473063   0.7878401607086732   -1.0356188394337535
0.16183248072830642   0.8033239155686764   -0.9510930302391986
0.1634036698518822   0.8189550123172737   -0.8673995416714146
0.164974858975458   0.8347332170745961   -0.7845230347558273
0.16654604809903378   0.8506582877083695   -0.7024486192638661
0.16811723722260957   0.8667299736673084   -0.6211618369747165
0.16968842634618536   0.8829480158133957   -0.5406486457153388
0.17125961546976115   0.8993121462530047   -0.4608954041360431
0.17283080459333694   0.9158220881668923   -0.3818888571812863
0.17440199371691273   0.9324775556391094   -0.30361612221781514
0.17597318284048852   0.9492782534847888   -0.22606467578508804
0.1775443719640643   0.966223877076869   -0.14922234093460562
0.1791155610876401   0.9833141121717172   -0.07307727512729187
0.18068675021121589   1.0005486347339783   0.0023820413416508063
0.18225793933479167   1.0179271107600525   0.07716681641508333
0.18382912845836746   1.0354491961008936   0.15128795687227606
0.18540031758194328   1.0531145362837522   0.2247560784757137
0.18697150670551907   1.0709227663330105   0.297581515689744
0.18854269582909486   1.0888735105900653   0.3697743309922788
0.19011388495267065   1.1069663825325171   0.44134432380072985
0.19168507407624644   1.1252009845922628   0.5123010390295156
0.19325626319982223   1.1435769079729985   0.5826537752990634
0.19482745232339801   1.1620937324668559   0.6524115928120358
0.1963986414469738   1.1807510262702505   0.7215833209130134
0.1979698305705496   1.1995483457990264   0.790177565346964
0.19954101969412538   1.2184852355029954   0.8582027152310217
0.20111220881770117   1.2375612276796677   0.9256669497522065
0.20268339794127696   1.2567758422874604   0.9925782446047986
0.20425458706485275   1.2761285867582968   1.0589443781789825
0.20582577618842854   1.2956189558095832   1.1247729375120428
0.20739696531200433   1.315246431255743   1.190071324013426
0.20896815443558012   1.335010481819202   1.254846758973431
0.2105393435591559   1.3549105629409384   1.3191062888655056
0.2121105326827317   1.3749461165905745   1.382856790451151
0.21368172180630748   1.3951165710761824   1.4461049756966047
0.21525291092988327   1.4154213408536103   1.5088573965088345
0.21682410005345906   1.4358598263356261   1.571120449299529
0.21839528917703488   1.4564314137007663   1.6329003793840482
0.21996647830061067   1.4771354747018268   1.6942032852221396
0.22153766742418646   1.4979713664744034   1.7550351225082363
0.22310885654776225   1.5189384313451304   1.8154017081165632
0.22468004567133804   1.5400359966398254   1.8753087239076336
0.22625123479491382   1.561263374491626   1.9347617204020517
0.2278224239184896   1.5826198616491163   1.993766120326981
0.2293936130420654   1.6041047392844423   2.052327222040403
0.2309648021656412   1.6257172728015885   2.1104502028385013
0.23253599128921698   1.6474567116446155   2.1681401221502603
0.23410718041279277   1.6693222891063273   2.225401924624943
0.23567836953636856   1.6913132221368883   2.282240443115348
0.23724955865994435   1.7134287111529292   2.33866040156227
0.23882074778352014   1.7356679398468462   2.3946664177831787
0.24039193690709593   1.7580300749965048   2.4502630061692807
0.24196312603067172   1.7805142662753997   2.50545458029454
0.2435343151542475   1.8031196460632453   2.5602454554398753
0.2451055042778233   1.8258453292571792   2.614639851036103
0.24667669340139908   1.8486904130833846   2.668641893028148
0.24824788252497487   1.8716539769095546   2.7222556161643814
0.24981907164855066   1.894735082057915   2.7754849662131065
0.2513902607721265   1.917932771619071   2.8283338021094213
0.2529614498957023   1.941246070266602   2.880805898034728
0.2545326390192781   1.9646739840725713   2.9329049454316536
0.2561038281428539   1.9882155003240078   2.9846345549567173
0.25767501726642966   2.011869587340199   3.0359982583725613
0.25924620639000545   2.035635194291323   3.086999510382944
0.26081739551358124   2.059511251017893   3.137641690411288
0.26238858463715703   2.083496667851621   3.1879281043259806
0.2639597737607328   2.1075903354372914   3.237861986113308
0.2655309628843086   2.131791124556207   3.287446499500935
0.2671021520078844   2.1560978859507554   3.3366847395325894
0.2686733411314602   2.1805094501505375   3.385579734096428
0.270244530255036   2.205024627300027   3.434134445408495
0.27181571937861176   2.229642206987699   3.482351771452574
0.27338690850218755   2.2543609580768744   3.530234547378255
0.27495809762576334   2.2791796285382513   3.577785546858493
0.27652928674933913   2.3040969452842357   3.6250074834080657
0.2781004758729149   2.3291116140050736   3.671903011664151
0.2796716649964907   2.35422231900703   3.718474728630598
0.2812428541200665   2.379427723052337   3.7647251748864634
0.2828140432436423   2.404726467201521   3.810656835760976
0.2843852323672181   2.430117170657602   3.8562721424749595
0.28595642149079387   2.4555984306126657   3.9015734732506124
0.28752761061436966   2.481168822096725   3.946563154390346
0.28909879973794544   2.5068268978289034   3.991243461325636
0.29066998886152123   2.532571188071114   4.035616619636993
0.292241177985097   2.558400200484248   4.079684806045883
0.2938123671086728   2.5843124199870346   4.123450149379603
0.2953835562322486   2.610306308617491   4.166914731509721
0.2969547453558244   2.6363803053972776   4.210080588265271
0.2985259344794002   2.662532826198833   4.252949710321168
0.30009712360297597   2.688762263615373   4.295524044062605
0.30166831272655176   2.7150669868341413   4.337805492426653
0.3032395018501276   2.7414453415125317   4.379795915721049
0.3048106909737034   2.7678956496575404   4.421497132421416
0.3063818800972792   2.7944162095084577   4.462910919947321
0.30795306922085497   2.821005295422907   4.504039015417835
0.30952425834443076   2.8476611577664395   4.544883116387384
0.31109544746800655   2.874382022805441   4.585444881561969
0.31266663659158234   2.9011660926039853   4.625725931497187
0.3142378257151581   2.92801154492406   4.665727849277549
0.3158090148387339   2.954916533129969   4.705452181178744
0.3173802039623097   2.9818791860962808   4.744900437312246
0.3189513930858855   3.008897608120026   4.784074092253691
0.3205225822094613   3.035969878836776   4.822974585654813
0.32209377133303707   3.0630940531411186   4.8616033228400095
0.32366496045661286   3.0902681611111658   4.899961675387329
0.32523614958018865   3.1174902079376134   4.938050981694916
0.32680733870376444   3.144758173857103   4.975872547532826
0.3283785278273402   3.1720700140901887   5.013427646580938
0.329949716950916   3.1994236587840317   5.050717520953341
0.3315209060744918   3.2268170129596183   5.087743381709195
0.3330920951980676   3.2542479564640816   5.124506409351067
0.3346632843216434   3.281714343927649   5.161007754310316
0.3362344734452192   3.3092140047259297   5.1972485374206965
0.33780566256879496   3.336744742947003   5.233229850379654
0.33937685169237075   3.3643043373639707   5.26895275619839
0.34094804081594654   3.391890541412723   5.3044182896405
0.34251922993952233   3.419501083175065   5.339627457649614
0.3440904190630981   3.447133665367438   5.37458123976643
0.3456616081866739   3.474785965335222   5.409280588535307
0.3472327973102497   3.502455635052696   5.443726429900657
0.3488039864338255   3.530140301128824   5.477919663593466
0.3503751755574013   3.557837564819009   5.511861163508257
0.35194636468097706   3.585545002042708   5.54555177807047
0.35351755380455285   3.6132601634072183   5.578992330594772
0.35508874292812864   3.6409805742377213   5.612183619634486
0.35665993205170443   3.668703734613481   5.6451264193221125
0.3582311211752802   3.6964271194104996   5.677821479701431
0.359802310298856   3.7241481783507004   5.710269527051296
0.3613734994224318   3.7518643360576576   5.742471264201288
0.3629446885460076   3.779572992118919   5.7744273708393115
0.3645158776695834   3.807271521155342   5.8061385038117175
0.36608706679315917   3.834957272897009   5.837605297415504
0.36765825591673496   3.86262757226643   5.86882836368348
0.3692294450403108   3.890279719468535   5.899808292661874
0.3708006341638866   3.9179109900880227   5.9305456526810705
0.3723718232874624   3.945518635193898   5.9610409906193755
0.37394301241103817   3.9730998814514193   5.991294832160038
0.37551420153461396   4.000651931241417   6.021307682041587
0.37708539065818975   4.028171962787257   6.051080024301784
0.37865657978176553   4.055657130289385   6.080612322515173
0.3802277689053413   4.083104564067641   6.109905020024456
0.3817989580289171   4.110511370711398   6.138958540165787
0.3833701471524929   4.137874633237612   6.167773286488095
0.3849413362760687   4.165191411256957   6.1963496429666565
0.3865125253996445   4.192458741147897   6.224687974210765
0.38808371452322027   4.219673636239201   6.252788625666064
0.38965490364679606   4.246833087000499   6.280651923811118
0.39122609277037185   4.273934061241374   6.308278176348782
0.39279728189394764   4.30097350431889   6.3356676723922405
0.3943684710175234   4.327948339353565   6.362820682645756
0.3959396601410992   4.354855467454127   6.389737459580484
0.397510849264675   4.381691767950878   6.416418237605179
0.3990820383882508   4.40845409863787   6.442863233231976
0.4006532275118266   4.435139296024024   6.469072645237438
0.40222441663540237   4.461744175593179   6.495046654818809
0.40379560575897816   4.488265532073071   6.520785425745499
0.40536679488255395   4.514700139713681   6.546289104506222
0.40693798400612974   4.541044752574517   6.57155782045138
0.4085091731297055   4.567296104821285   6.596591685931107
0.4100803622532813   4.5934509110319315   6.621390796428976
0.4116515513768571   4.619505866512028   6.645955230691339
0.4132227405004329   4.645457647619687   6.6702850508524545
0.4147939296240087   4.671302912099981   6.694380302555408
0.4163651187475845   4.697038299429048   6.7182410150689655
0.41793630787116026   4.722660431167782   6.741867201400273
0.41950749699473605   4.748165911325411   6.765258858403689
0.42107868611831184   4.773551326732718   6.788415966885498
0.42264987524188763   4.7988132474252305   6.8113384917048325
0.4242210643654634   4.823948227036307   6.834026381870695
0.4257922534890392   4.848952803200185   6.856479570635181
0.427363442612615   4.873823497965069   6.878697975582931
0.4289346317361908   4.898556818216306   6.900681498716869
0.4305058208597666   4.923149256109617   6.922430026540214
0.43207700998334236   4.947597289514614   6.943943430134926
0.43364819910691815   4.971897382468423   6.965221565236465
0.43521938823049394   4.99604598563964   6.986264272305047
0.4367905773540698   5.0200395368024795   7.007071376593269
0.4383617664776456   5.043874461321366   7.0276426882103245
0.43993295560122136   5.067547172645797   7.047978002182685
0.44150414472479715   5.091054072815627   7.068077098511324
0.44307533384837294   5.114391552976737   7.087939742225533
0.44464652297194873   5.13755599390717   7.1075656834333225
0.4462177120955245   5.16054376655374   7.126954657368484
0.4477889012191003   5.1833512325790725   7.14610638443424
0.4493600903426761   5.205974744919127   7.165020570243559
0.4509312794662519   5.228410648351305   7.183696905656214
0.4525024685898277   5.250655280072947   7.2021350668124375
0.45407365771340347   5.272704970290431   7.220334715163355
0.45564484683697926   5.29455604281881   7.238295497498164
0.45721603596055505   5.316204815691827   7.256017045967936
0.45878722508413083   5.337647601782609   7.273498978106291
0.4603584142077066   5.358880709434708   7.290740896846709
0.4619296033312824   5.379900443103782   7.307742390536726
0.4635007924548582   5.4007031040096   7.324503032948759
0.465071981578434   5.421284990798593   7.341022383287799
0.4666431707020098   5.441642400216788   7.357299986195814
0.46821435982558557   5.461771627793177   7.373335371752969
0.46978554894916136   5.481668968533446   7.3891280554755925
0.47135673807273715   5.501330717623965   7.404677538310871
0.47292792719631294   5.520753171146202   7.419983306628396
0.4744991163198887   5.539932626801268   7.435044832208383
0.4760703054434645   5.5588653846447285   7.449861572226688
0.4776414945670403   5.577547747831539   7.464432969236549
0.4792126836906161   5.595976023371107   7.478758451147089
0.4807838728141919   5.614146522892289   7.4928374311984545
0.48235506193776767   5.632055563418485   7.506669307933777
0.48392625106134346   5.649699468152574   7.520253465167771
0.48549744018491925   5.667074567271577   7.533589271951945
0.48706862930849504   5.684177198731255   7.5466760825366075
0.4886398184320708   5.701003709080202   7.5595132363294
0.4902110075556466   5.717550454283549   7.572100057850464
0.4917821966792224   5.7338138005562165   7.584435856684263
0.4933533858027982   5.749790125205477   7.596519927427919
0.494924574926374   5.765475817482768   7.608351549636079
0.4964957640499498   5.780867279444785   7.619929987762363
0.49806695317352556   5.795960926823525   7.631254491097245
0.49963814229710135   5.810753189905296   7.64232429370238
0.5012093314206771   5.825240514418594   7.653138614341413
0.5027805205442529   5.839419362430578   7.663696656407096
0.5043517096678287   5.853286213252208   7.673997607844832
0.5059228987914045   5.866837564351686   7.684040641072464
0.5074940879149803   5.880069932276259   7.6938249128963685
0.5090652770385561   5.892979853582089   7.703349564423766
0.5106364661621319   5.9055638857721515   7.71261372097123
0.5122076552857077   5.917818608241883   7.721616491969313
0.5137788444092835   5.929740623232493   7.730356970863246
0.5153500335328592   5.941326556791775   7.738834235009716
0.516921222656435   5.952573059742212   7.747047345569616
0.5184924117800108   5.963476808656161   7.75499534739668
0.5200636009035866   5.974034506838006   7.762677268922047
0.5216347900271624   5.984242885313035   7.770092122034596
0.5232059791507382   5.994098703822892   7.777238901957074
0.524777168274314   6.003598751827279   7.784116587117844
0.5263483573978898   6.0127398495119   7.790724139018327
0.5279195465214656   6.021518848802196   7.7970605020959125
0.5294907356450413   6.029932634382906   7.803124603582443
0.5310619247686171   6.037978124722959   7.808915353358
0.5326331138921929   6.045652273105677   7.81443164380007
0.5342043030157687   6.052952068663986   7.819672349627979
0.5357754921393445   6.059874537420311   7.824636327742418
0.5373466812629203   6.066416743331042   7.829322417060116
0.5389178703864961   6.0725757893351835   7.833729438343434
0.5404890595100719   6.07834881840706   7.837856194024928
0.5420602486336477   6.083733014612704   7.841701468026658
0.5436314377572234   6.0887256041696425   7.845264025574186
0.5452026268807992   6.0933238565099686   7.848542613005246
0.546773816004375   6.097525085346219   7.851535957572848
0.5483450051279508   6.101326649739817   7.854242767242754
0.5499161942515266   6.104725955171932   7.856661730485305
0.5514873833751024   6.107720454616219   7.858791516061312
0.5530585724986782   6.110307649613342   7.860630772802062
0.554629761622254   6.1124850913468185   7.862178129383172
0.5562009507458298   6.114250381719943   7.86343219409226
0.5577721398694055   6.115601174433497   7.86439155459028
0.5593433289929813   6.116535176063809   7.865054777666335
0.5609145181165571   6.117050147140901   7.865420408985867
0.5624857072401329   6.117143903226418   7.865486972832102
0.5640568963637087   6.116814315990915   7.865252971840549
0.5656280854872845   6.116059314290174   7.864716886726402
0.5671992746108603   6.114876885240234   7.863877176004721
0.5687704637344361   6.11326507529072   7.862732275703187
0.5703416528580119   6.11122199129616   7.861280599067292
0.5719128419815876   6.108745801584849   7.859520536257736
0.5734840311051634   6.105834737024946   7.85745045403991
0.5750552202287392   6.1024870920874   7.855068695465227
0.576626409352315   6.098701225905297   7.852373579544127
0.5781975984758908   6.094475563329242   7.849363400910523
0.5797687875994666   6.0898085959784485   7.846036429477552
0.5813399767230424   6.084698883287001   7.8423909100843066
0.5829111658466182   6.079145053545002   7.838425062133413
0.584482354970194   6.073145804934155   7.8341370792191976
0.5860535440937698   6.066699906557321   7.829525128746159
0.5876247332173455   6.059806199461728   7.824587351537588
0.5891959223409213   6.052463597655281   7.819321861433971
0.5907671114644971   6.044671089115679   7.8137267448810155
0.5923383005880729   6.036427736791785   7.80780006050694
0.5939094897116487   6.027732679596909   7.80153983868881
0.5954806788352245   6.018585133393515   7.794944081107602
0.5970518679588003   6.00898439196887   7.788010760291646
0.5986230570823761   5.99892982800129   7.7807378191482375
0.6001942462059519   5.988420894016451   7.773123170483012
0.6017654353295276   5.977457123333307   7.765164696506758
0.6033366244531034   5.966038130999209   7.7568602483293585
0.6049078135766793   5.954163614713724   7.748207645440472
0.6064790027002551   5.941833355740701   7.739204675176591
0.6080501918238309   5.92904721980811   7.72984909217409
0.6096213809474067   5.9158051579951945   7.720138617807876
0.6111925700709825   5.902107207606447   7.710070939615212
0.6127637591945583   5.887953493031963   7.699643710704312
0.6143349483181341   5.873344226593665   7.688854549147251
0.6159061374417099   5.858279709376913   7.677701037356713
0.6174773265652856   5.842760332047061   7.666180721446157
0.6190485156888614   5.8267865756504245   7.6542911105728475
0.6206197048124372   5.810359012399236   7.642029676263312
0.622190893936013   5.79347830644   7.629393851720602
0.6237620830595888   5.7761452146049   7.616381031112929
0.6253332721831646   5.758360587145626   7.602988568842996
0.6269044613067404   5.740125368449248   7.589213778797531
0.6284756504303162   5.72144059773556   7.575053933576344
0.630046839553892   5.702307409735462   7.560506263700313
0.6316180286774677   5.682727035349862   7.545567956797648
0.6331892178010435   5.662700802288603   7.530236156767728
0.6347604069246193   5.642230135688923   7.5145079629218
0.6363315960481951   5.6213165587130085   7.498380429099882
0.6379027851717709   5.599961693124046   7.481850562762987
0.6394739742953467   5.578167259840387   7.46491532405999
0.6410451634189225   5.5559350794672895   7.447571624868264
0.6426163525424983   5.533267072805736   7.429816327807236
0.6441875416660741   5.510165261337867   7.411646245223986
0.6457587307896498   5.486631767688557   7.393058138149988
0.6473299199132256   5.462668816062602   7.37404871522799
0.6489011090368014   5.438278732657093   7.354614631608101
0.6504722981603772   5.413463946048442   7.334752487811982
0.652043487283953   5.3882269875536695   7.314458828564155
0.6536146764075288   5.362570491565369   7.293730141589226
0.6551858655311046   5.33649719585996   7.272562856373884
0.6567570546546804   5.310009941878778   7.2509533428925526
0.6583282437782562   5.283111674981435   7.228897910295266
0.659899432901832   5.255805444671118   7.206392805556626
0.6614706220254077   5.2280944047912845   7.1834342120843715
0.6630418111489835   5.1999818136933404   7.1600182482861765
0.6646130002725593   5.171471034374861   7.136140966093196
0.6661841893961351   5.142565534587889   7.1117983494388035
0.6677553785197109   5.113268886916895   7.086986312690914
0.6693265676432867   5.08358476882597   7.06170069903623
0.6708977567668625   5.053516962674819   7.0359372788146395
0.6724689458904383   5.023069355703141   7.009691747801953
0.674040135014014   4.992245939982992   6.982959725439085
0.6756113241375898   4.9610508123387085   6.955736753005663
0.6771825132611656   4.929488174234015   6.928018291736024
0.6787537023847414   4.897562331625924   6.899799720875421
0.6803248915083172   4.865277694785009   6.871076335674159
0.681896080631893   4.83263877808174   6.841843345317324
0.6834672697554688   4.799650199738454   6.812095870787632
0.6850384588790446   4.7663166815466385   6.781828942658788
0.6866096480026204   4.732643048549165   6.751037498816711
0.6881808371261962   4.698634228687133   6.719716382105734
0.6897520262497719   4.664295252410983   6.687860337896877
0.6913232153733477   4.629631252255599   6.655464011575111
0.6928944044969235   4.594647462379007   6.622521945942302
0.6944655936204993   4.559349218064458   6.589028578532551
0.6960367827440751   4.523741955185542   6.554978238836304
0.6976079718676509   4.48783120963408   6.520365145429557
0.6991791609912267   4.4516226167104955   6.485183403004221
0.7007503501148025   4.415121910476473   6.449426999295635
0.7023215392383783   4.378334923069531   6.413089801902822
0.703892728361954   4.3412675839794455   6.37616555499716
0.7054639174855298   4.303925919286137   6.338647875914583
0.7070351066091056   4.266316050858912   6.300530251626481
0.7086062957326814   4.228444195516826   6.261806035084046
0.7101774848562572   4.190316664149976   6.222468441430613
0.711748673979833   4.151939860801584   6.182510544076289
0.7133198631034088   4.1133202817106636   6.14192527062876
0.7148910522269846   4.07446451431515   6.100705398674008
0.7164622413505604   4.035379236215426   6.058843551400283
0.7180334304741361   3.99607121409796   6.016332193058165
0.7196046195977119   3.9565473026191533   5.973163624249494
0.7211758087212877   3.9168144432491925   5.929329977037316
0.7227469978448635   3.8768796630758264   5.884823209868559
0.7243181869684393   3.836750073568107   5.8396351023009565
0.7258893760920151   3.7964328692999345   5.793757249524935
0.7274605652155909   3.7559353266334963   5.747181056670998
0.7290317543391667   3.7152648023624955   5.699897732892322
0.7306029434627425   3.674428732315246   5.651898285211962
0.7321741325863182   3.6334346299176308   5.603173512123295
0.733745321709894   3.592290084715948   5.553713996931744
0.7353165108334698   3.5510027608597627   5.503510100825189
0.7368876999570456   3.5095803955447673   5.452551955659647
0.7384588890806215   3.4680307974158   5.400829456446113
0.7400300782041973   3.4263618449301343   5.348332253523635
0.7416012673277731   3.3845814846810924   5.295049744402641
0.7431724564513489   3.3426977296822566   5.2409710652619035
0.7447436455749247   3.3007186576123453   5.186085082081222
0.7463148346985005   3.2586524090209856   5.130380381390988
0.7478860238220763   3.2165071854955527   5.073845260618574
0.749457212945652   3.1742912477893643   5.016467718010374
0.7510284020692278   3.1320129139113972   4.9582354421067905
0.7525995911928036   3.089680557177848   4.89913580074628
0.7541707803163794   3.0473026042257567   4.839155829572844
0.7557419694399552   3.0048875329891085   4.77828222001997
0.757313158563531   2.96244387063757   4.716501306741926
0.7588843476871068   2.9199801914783614   4.65379905446184
0.7604555368106826   2.8775051148215387   4.590161044203662
0.7620267259342584   2.8350273028090545   4.52557245887305
0.7635979150578341   2.7925554582080996   4.460018068149988
0.7651691041814099   2.750098322169024   4.393482212653177
0.7667402933049857   2.707664671948358   4.325948787333777
0.7683114824285615   2.665263318597382   4.257401224052993
0.7698826715521373   2.6229031046167246   4.187822473294921
0.7714538606757131   2.580592901577501   4.117194984962623
0.7730250497992889   2.538341607709499   4.04550068820165
0.7745962389228647   2.496158145456994   3.9727209701913972
0.7761674280464405   2.4540514590027236   3.89883665384017
0.7777386171700162   2.4120305117606593   3.823827974315317
0.779309806293592   2.370104283838117   3.747674554334525
0.7808809954171678   2.328281769467926   3.670355378139103
0.7824521845407436   2.286571974411209   3.591848764063778
0.7840233736643194   2.244983913331565   3.512132335611386
0.7855945627878952   2.203526607141195   3.431182990933283
0.787165751911471   2.1622090803198843   3.348976870609202
0.7887369410350468   2.1210403582073765   3.265489323611149
0.7903081301586226   2.080029464270035   3.1806948713273586
0.7918793192821983   2.0391854173425017   3.0945671695119237
0.7934505084057741   1.998517228845217   3.0070789680150067
0.7950216975293499   1.9580338999785267   2.9182020681362006
0.7965928866529257   1.9177444188942894   2.8279072774308083
0.7981640757765015   1.8776577578458378   2.7361643617842137
0.7997352649000773   1.8377828703171384   2.64294199455362
0.8013064540236531   1.7981286881320717   2.548207702559144
0.8028776431472289   1.7587041185447714   2.4519278086870853
0.8044488322708047   1.7195180413119269   2.3540673708469813
0.8060200213943804   1.6805793057480531   2.254590117000942
0.8075912105179562   1.6418967277646461   2.15345837595782
0.809162399641532   1.6034790868942919   2.0506330035966585
0.8107335887651078   1.5653351233006931   1.9460733041520868
0.8123047778886836   1.527473534775681   1.8397369461596516
0.8138759670122594   1.4899029737242604   1.731579872620278
0.8154471561358352   1.4526320441387506   1.6215562048999503
0.817018345259411   1.4156692985631196   1.5096181398328756
0.8185895343829868   1.3790232350486367   1.395715839442953
0.8201607235065626   1.3427022941019386   1.279797312638635
0.8217319126301383   1.3067148556266874   1.1618082881697205
0.8233031017537141   1.2710692358599347   1.041692078059708
0.8248742908772899   1.235773684304444   0.9193894306439049
0.8264454800008657   1.2008363806580578   0.7948383722487378
0.8280166691244415   1.1662654317414531   0.6679740364425303
0.8295878582480173   1.1320688684253302   0.5387284796673895
0.8311590473715931   1.098254642558494   0.40703048192825375
0.8327302364951689   1.0648306238978809   0.2728053310607887
0.8343014256187447   1.031804597041903   0.1359745889276211
0.8358726147423204   0.999184258368388   -0.003544162304946134
0.8374438038658962   0.9669772129783718   -0.14583759588198378
0.839014992989472   0.9351909716470754   -0.2909969404947082
0.8405861821130478   0.9038329477833811   -0.4391183072557137
0.8421573712366236   0.8729104543991483   -0.5903030465708883
0.8437285603601994   0.8424307010896601   -0.7446581382500644
0.8452997494837752   0.8124007910266636   -0.902296618641759
0.846870938607351   0.782827717965217   -1.0633380490914826
0.8484421277309268   0.7537183632658773   -1.2279090306153542
0.8500133168545025   0.7250794929334721   -1.3961437703717303
0.8515845059780783   0.6969177546739257   -1.5681847063152
0.8531556951016541   0.6692396749705406   -1.7441831973551423
0.8547268842252299   0.6420516561810705   -1.924300287439685
0.8562980733488057   0.6153599736570979   -2.108707553275391
0.8578692624723815   0.5891707728870346   -2.297588046915894
0.8594404515959573   0.5634900666642672   -2.491137346251814
0.8610116407195331   0.5383237322817788   -2.689564728573547
0.8625828298431089   0.5136775087547735   -2.8930944849255456
0.8641540189666846   0.48955699407267206   -3.101967396021543
0.8657252080902604   0.4659676424819582   -3.316442394154034
0.8672963972138362   0.4429147618012968   -3.536798439954622
0.868867586337412   0.42040351077038285   -3.7633366482236585
0.8704387754609878   0.3984388964339701   -3.9963827035796893
0.8720099645845637   0.3770257715624805   -4.236289614676766
0.8735811537081395   0.35616883211072986   -4.483440865578788
0.8751523428317153   0.33587261471610275   -4.738254035063455
0.8767235319552911   0.3161414942377029   -5.001184969790781
0.8782947210788669   0.2969796813378846   -5.272732616268071
0.8798659102024426   0.27839122010758377   -5.5534446404943285
0.8814370993260184   0.26037998573692933   -5.8439239945766905
0.8830082884495942   0.2429496822324966   -6.144836628511023
0.88457947757317   0.22610384018268276   -6.456920595464014
0.8861506666967458   0.20984581457255888   -6.780996864089655
0.8877218558203216   0.19417878264966926   -7.117982236928649
0.8892930449438974   0.17910574184210584   -7.468904887201955
0.8908642340674732   0.16462950773030915   -7.834923177863948
0.892435423191049   0.15075271207391555   -8.21734863184973
0.8940066123146247   0.1374778008950728   -8.61767420326434
0.8955778014382005   0.12480703261953355   -9.037609388837598
0.8971489905617763   0.11274247627690355   -9.479124267105325
0.8987201796853521   0.10128600976134983   -9.944505336001484
0.9002913688089279   0.09043931815410403   -10.43642715773036
0.9018625579325037   0.08020389210904164   -10.958045504846794
0.9034337470560795   0.07058102630264983   -11.513120247997222
0.9050049361796553   0.06157181794962393   -12.106180163270508
0.9065761253032311   0.05317716538535522   -12.742748083356133
0.9081473144268069   0.045397766716554225   -13.429655015970226
0.9097185035503826   0.03823411854119817   -14.175489063329529
0.9112896926739584   0.031686514739021815   -14.991255133659962
0.9128608817975342   0.025755045333701883   -15.891376644806279
0.91443207092111   0.020439595427904165   -16.89527683432852
0.9160032600446858   0.015739844212306866   -18.029995428645996
0.9175744491682616   0.011655264049718447   -19.334778458395608
0.9191456382918374   0.008185119635354704   -20.86974915411137
0.9207168274154132   0.005328467234347202   -22.733976189244114
0.922288016538989   0.0030841539974984355   -25.10863804140287
0.9238592056625647   0.0014508173562955927   -28.38386958200887
0.9254303947861405   0.00042688449815256476   -33.69688598485568
0.9270015839097163   1.0571922828129321e-05   -49.7580493770138
0.9285727730332921   0.0001998850809389536   -36.99217446911756
0.9301439621568679   0.0009926180954522026   -30.032173743434587
0.9317151512804437   0.002386353567014997   -26.222650279507672
0.9332863404040195   0.004378462463945315   -23.586782699081468
0.9348575295275953   0.006966104097674601   -21.570099776245772
0.936428718651171   0.010146226184405145   -19.936954176120587
0.9379999077747468   0.013915564993699933   -18.5649912472759
0.9395710968983226   0.018270645584701012   -17.38246083014245
0.9411422860218984   0.02320778213062786   -16.34366342530611
0.9427134751454742   0.028723078332171283   -15.417690022681414
0.94428466426905   0.034812427920369995   -14.582656742189313
0.9458558533926258   0.04147151524950843   -13.822500860066889
0.9474270425162016   0.04869581598053459   -13.125083435142331
0.9489982316397774   0.05648059785547854   -12.481007071713554
0.9505694207633532   0.06482092156328617   -11.882847921669198
0.952140609886929   0.07371164169744432   -11.324639102425838
0.9537117990105047   0.08314740780577078   -10.801512805261229
0.9552829881340805   0.09312266553263289   -10.30944596656517
0.9568541772576563   0.10363165785388787   -9.845075499462524
0.9584253663812321   0.11466842640473841   -9.40556143488617
0.9599965555048079   0.1262268129006849   -8.98848379702407
0.9615677446283837   0.13830046065171323   -8.591763701983034
0.9631389337519595   0.15088281616977273   -8.213602157131568
0.9647101228755353   0.16396713086962175   -7.852431999904404
0.966281311999111   0.17754646286299808   -7.506879729826438
0.9678525011226868   0.19161367884608688   -7.175734886312302
0.9694236902462626   0.20616145608016995   -6.857925249982786
0.9709948793698384   0.22118228446531116   -6.552496587088249
0.9725660684934142   0.23666846870689595   -6.258595973494346
0.97413725761699   0.2526121305747618   -5.975457964985779
0.9757084467405658   0.26900521125465093   -5.702393050105931
0.9772796358641416   0.28583947379160723   -5.438777947881115
0.9788508249877174   0.3031065056249915   -5.184047407653387
0.9804220141112931   0.32079772121459715   -4.937687240323359
0.9819932032348689   0.33890436475745267   -4.699228365560749
0.9835643923584447   0.35741751299471636   -4.468241702274087
0.9851355814820205   0.3763280781081005   -4.2443337629413165
0.9867067706055963   0.39562681070519945   -4.02714283856846
0.9882779597291721   0.41530430289298687   -3.816335681742788
0.9898491488527479   0.43535099143879125   -3.6116046117300393
0.9914203379763237   0.4557571610179305   -3.412664978777542
0.9929915270998995   0.4765129475471668   -3.2192529354364527
0.9945627162234753   0.4976083416030945   -3.031123471353311
0.996133905347051   0.5190331919245136   -2.848048675022195
0.9977050944706268   0.5407772089977975   -2.669816191758013
0.9992762835942026   0.5628299687242052   -2.4962278519019003
1.0008474727177785   0.5851809161680227   -2.3270984471992358
1.0024186618413544   0.6078193693844322   -2.162254636555115
1.00398985096493   0.6307345233258648   -2.0015339650968715
1.005561040088506   0.6539154538256118   -1.8447839827545987
1.0071322292120817   0.6773511216573539   -1.6918614504901164
1.0087034183356576   0.7010303766693574   -1.5426316239235895
1.0102746074592333   0.7249419619917822   -1.3969676054806621
1.0118457965828092   0.7490745183158269   -1.2547497573468083
1.0134169857063848   0.7734165882430355   -1.1158651685121075
1.0149881748299607   0.7979566207033928   -0.9802071700378263
1.0165593639535364   0.82268297544043   -0.8476748934079263
1.0181305530771123   0.8475839275618714   -0.718172867454197
1.019701742200688   0.8726476721539713   -0.5916106498871897
1.0212729313242639   0.8978623289579258   -0.46790248993206396
1.0228441204478396   0.923215947106471   -0.3469670189760108
1.0244153095714155   0.948696509918914   -0.22872696648630553
1.0259864986949911   0.9742919397526394   -0.11310889876677296
1.027557687818567   0.9999901029092607   -4.297838866434802e-05
1.0291288769421427   1.0257788145933058   0.11053725763141743
1.0307000660657186   1.051645843921601   0.2186951026286331
1.0322712551892943   1.077578918981109   0.324490869600773
1.0338424443128702   1.1035657319332812   0.4279820664129368
1.0354136334364459   1.129593944162642   0.5292235581334034
1.0369848225600218   1.1556511914675602   0.6282677176141571
1.0385560116835975   1.1817250892908413   0.7251645653175196
1.0401272008071734   1.2078032379880046   0.8199618992930363
1.041698389930749   1.2338732281308324   0.9127054161202786
1.043269579054325   1.2599226458439634   1.00343882355611
1.0448407681779006   1.2859390781720217   1.0922039455544865
1.0464119573014765   1.311910118475031   1.1790408202657132
1.0479831464250522   1.3378233718494796   1.2639877915651918
1.049554335548628   1.363666460572754   1.3470815946131127
1.0511255246722038   1.3894270295682405   1.4283574359004128
1.0526967137957797   1.4150927518887173   1.5078490681972148
1.0542679029193553   1.4406513342153167   1.585588860782658
1.0558390920429312   1.4660905223695833   1.6616078653031943
1.057410281166507   1.4913981068358835   1.7359358775761258
1.0589814702900828   1.5165619282916099   1.8086014956291225
1.0605526594136585   1.5415698831424018   1.879632174241688
1.0621238485372344   1.5664099290597682   1.9490542762332
1.06369503766081   1.5910700905182908   2.016893120721733
1.065266226784386   1.615538464329743   2.08317302856032
1.0668374159079617   1.6398032251712717   2.147917365140423
1.0684086050315376   1.6638526311049318   2.2111485807378553
1.0699797941551132   1.6876750290856808   2.2728882485623316
1.0715509832786891   1.7112588604551042   2.333157100659845
1.073122172402265   1.7345926664179248   2.3919750618051836
1.0746933615258407   1.7576650934985572   2.4493612815120627
1.0762645506494166   1.7804648989747718   2.505334164278363
1.0778357397729923   1.802980956285593   2.559911398175428
1.0794069288965682   1.8252022604106193   2.6131099818825465
1.0809781180201439   1.8471179332177927   2.664946250260015
1.0825493071437198   1.8687172287767915   2.7154358985478098
1.0841204962672955   1.8899895386351073   2.764594005270415
1.0856916853908714   1.910924397053942   2.812435053922803
1.087262874514447   1.9315114862009855   2.858972953507152
1.088834063638023   1.9517406412972391   2.904221057985212
1.0904052527615986   1.9716018557149053   2.9481921847064463
1.0919764418851745   1.991085286023556   2.9908986318683195
1.0935476310087502   2.0101812569815833   3.0323521950607875
1.095118820132326   2.0288802664701837   3.072564182944029
1.0966900092559018   2.0471729903668865   3.1115454321045948
1.0982611983794777   2.0650502873558763   3.1493063211325967
1.0998323875030533   2.082503203672187   3.1858567839593266
1.1014035766266292   2.099522977777026   3.221206322492388
1.102974765750205   2.1161010449613205   3.2553640185826054
1.1045459548737808   2.1322290418748087   3.288338545355105
1.1061171439973565   2.1478988109777934   3.320138177934389
1.1076883331209324   2.1631024049129213   3.350770803591675
1.109259522244508   2.1778320907941584   3.3802439313404697
1.110830711368084   2.192080354410358   3.408564701005035
1.1124019004916597   2.205839904340676   3.435739891784406
1.1139730896152356   2.2191036759792504   3.461775930333389
1.1155442787388112   2.2318648354664883   3.4866788983802954
1.1171154678623871   2.2441167835244222   3.510454539900028
1.1186866569859628   2.255853159193563   3.5331082678597037
1.1202578461095387   2.267067843468753   3.5546451705528863
1.1218290352331144   2.277754962831564   3.5750700175374024
1.1234002243566903   2.287908892676786   3.59438726519054
1.124971413480266   2.297524260630636   3.6126010618945408
1.1265426026038419   2.3065959497583433   3.62971525286427
1.1281137917274175   2.3151191016588   3.6457333846280413
1.1296849808509934   2.3230891194440315   3.6606587091717446
1.1312561699745691   2.3305016706012793   3.6744941877555624
1.132827359098145   2.337352689735556   3.687242494411811
1.1343985482217207   2.3436383811905306   3.698906019131601
1.1359697373452966   2.349355221545745   3.709486870747423
1.1375409264688723   2.354499961988118   3.7189868795179026
1.1391121155924482   2.359069630555843   3.7274075994204554
1.1406833047160239   2.3630615342527523   3.7347503101567474
1.1422544938395998   2.3664732610313655   3.7410160188753876
1.1438256829631754   2.369302681642838   3.746205461615543
1.1453968720867513   2.3715479513521234   3.7503191044746287
1.146968061210327   2.3732075115167035   3.753357144502576
1.148539250333903   2.374280091027338   3.755319510324661
1.1501104394574786   2.3747647076093004   3.7562058624942063
1.1516816285810545   2.3746606689827066   3.756015593576011
1.1532528177046302   2.3739675738805275   3.7547478279606517
1.154824006828206   2.372685312923039   3.7524014214093877
1.1563951959517818   2.370814069347444   3.748974960328657
1.1579663850753577   2.3683543195915537   3.7444667607727453
1.1595375741989333   2.365306833730437   3.738874867172492
1.1611087633225092   2.3616726757650377   3.732197050787372
1.162679952446085   2.3574532037618665   3.724430807877739
1.1642511415696608   2.3526500698428805   3.715573357593259
1.1658223306932365   2.3472652200248345   3.705621639573131
1.1673935198168124   2.3413008939073867   3.694572311252876
1.168964708940388   2.3347596242093775   3.682421744871946
1.170535898063964   2.3276442361527425   3.6691660241756123
1.1721070871875396   2.3199578466936592   3.6548009408040327
1.1736782763111155   2.311703863600513   3.6393219903604295
1.1752494654346912   2.3028859843784915   3.6227243681498655
1.1768206545582671   2.2935081950405465   3.605002964578957
1.1783918436818428   2.2835747687246952   3.586152360206353
1.1799630328054187   2.2730902641575903   3.566166820432656
1.1815342219289944   2.262059523964495   3.5450402898177953
1.1831054110525703   2.2504876728257592   3.5227663860126257
1.184676600176146   2.238380115480131   3.499338393290813
1.1862477892997219   2.2257425345751543   3.474749255665641
1.1878189784232975   2.2125808883651805   3.4489915695756137
1.1893901675468734   2.1989014082574223   3.4220575761211256
1.1909613566704491   2.184710596206733   3.3939391528335463
1.192532545794025   2.170015221959755   3.3646278049564025
1.1941037349176007   2.154822320149293   3.3341146562171726
1.1956749240411766   2.139139187239705   3.3023904390663206
1.1972461131647523   2.1229733783243754   3.2694454843589376
1.1988173022883282   2.106332703776254   3.2352697104522203
1.2003884914119038   2.08922522575268   3.1998526116904413
1.2019596805354797   2.071659254555664   3.163183246246768
1.2035308696590554   2.0536433448490317   3.125250223289402
1.2051020587826313   2.0351862917337793   3.0860416894368905
1.206673247906207   2.0162971266832272   3.0455453144652758
1.208244437029783   1.996985113339501   3.0037482762267627
1.2098156261533588   1.977259743173082   2.960637244736954
1.2113868152769345   1.9571307310071886   2.9161983653844366
1.2129580044005104   1.936608010408823   2.8704172412131523
1.214529193524086   1.9157017289485159   2.823278914224565
1.216100382647662   1.894422243330699   2.774767845642355
1.2176715717712376   1.8727801143969467   2.7248678950786163
1.2192427608948135   1.8507861020041887   2.673562298535485
1.2208139500183892   1.828451159780285   2.6208336451716123
1.2223851391419651   1.8057864297592625   2.5666638527571637
1.2239563282655408   1.782803236898741   2.5110341417355047
1.2255275173891167   1.759513083482016   2.4539250078030928
1.2270987065126924   1.735927643407521   2.3953161929126394
1.2286698956362683   1.7120587563682523   2.3351866545965834
1.230241084759844   1.687918421924052   2.2735145335003373
1.2318122738834199   1.6635187934695035   2.2102771190053496
1.2333834630069955   1.6388721721004778   2.145450812812835
1.2349546521305714   1.6139910003822147   2.0790110903478562
1.236525841254147   1.588887856022148   2.0109324598324783
1.238097030377723   1.5635754454505049   1.9411884188633952
1.2396682195012987   1.5380665973120122   1.8697514083161035
1.2412394086248746   1.512374255871892   1.796592763381867
1.2428105977484503   1.4865114743396073   1.7216826615275158
1.2443817868720262   1.4604914081136613   1.64499006714906
1.2459529759956018   1.4343273079510774   1.5664826726705405
1.2475241651191777   1.4080325130649425   1.48612683581627
1.2490953542427534   1.381620444153779   1.4038875127608623
1.2506665433663293   1.3551045963662638   1.3197281868332422
1.252237732489905   1.328498532205144   1.2336107924214599
1.253808921613481   1.3018158743739947   1.1454956336908824
1.2553801107370566   1.2750702985707665   1.055341297691977
1.2569512998606325   1.248275526231875   0.9631045613919066
1.2585224889842082   1.2214453172308795   0.8687402921190511
1.260093678107784   1.1945934625355819   0.7722013408576077
1.2616648672313597   1.1677337768276912   0.6734384277732928
1.2632360563549356   1.140880091088977   0.5724000192865324
1.2648072454785113   1.1140462451581232   0.4690321959390822
1.2663784346020872   1.087246080262282   0.3632785102191355
1.2679496237256629   1.0604934315276162   0.25507983342115825
1.2695208128492388   1.0338021204728949   0.14437419051469416
1.2710920019728145   1.007185947490477   0.031096581883518985
1.2726631910963904   0.9806586843188231   -0.08482120933282444
1.274234380219966   0.9542340665109142   -0.20345082570750317
1.275805569343542   0.9279257859027583   -0.324867561382846
1.2773767584671176   0.9017474830864002   -0.4491506070787222
1.2789479475906935   0.8757127398916624   -0.5763833162304051
1.2805191367142692   0.8498350718810592   -0.7066534944750347
1.282090325837845   0.8241279208621383   -0.8400537149838008
1.2836615149614208   0.7986046474217011   -0.9766816624533892
1.2852327040849967   0.7732785234861775   -1.1166405089353848
1.2868038932085724   0.7481627249126177   -1.2600393251005308
1.2883750823321483   0.7232703241145856   -1.4069935310192292
1.289946271455724   0.6986142827273916   -1.5576253910980842
1.2915174605792998   0.6742074443169667   -1.712064558461639
1.2930886497028755   0.6500625271367918   -1.8704486748220674
1.2946598388264514   0.6261921169371595   -2.032924032760208
1.296231027950027   0.602608659831181   -2.199646308369714
1.297802217073603   0.579324455221745   -2.3707813734254217
1.2993734061971787   0.5563516487938566   -2.546506197657835
1.3009445953207546   0.5337022255764804   -2.7270098533982297
1.3025157844443302   0.5113880030782899   -2.9124946368494298
1.3040869735679061   0.48942062450139223   -3.103177322611175
1.3056581626914818   0.4678115520373686   -3.299290570920154
1.3072293518150577   0.44657206024964574   -3.501084510466206
1.3088005409386334   0.425713229546452   -3.7088285237389047
1.3103717300622093   0.4052459397483237   -3.9228132668162625
1.311942919185785   0.3851808637543128   -4.143352961529839
1.3135141083093609   0.3655284613107945   -4.3707880053032095
1.3150852974329366   0.34629897288691686   -4.605487952998318
1.3166564865565125   0.3275024136605158   -4.847854936267881
1.3182276756800881   0.30914856761841836   -5.098327599772085
1.319798864803664   0.29124698177485553   -5.357385650938847
1.3213700539272397   0.2738069605118071   -5.62555514172339
1.3229412430508156   0.25683756004486386   -5.903414628397451
1.3245124321743913   0.24034758301831677   -6.191602390555628
1.3260836212979672   0.22434557323293533   -6.490824935709478
1.3276548104215429   0.20883981050999986   -6.801867074370158
1.3292259995451188   0.193838305694923   -7.125603927018708
1.3307971886686945   0.17934879580387406   -7.463015325268545
1.3323683777922704   0.1653787393166002   -7.815203203978475
1.333939566915846   0.15193531161870183   -8.183412762154903
1.335510756039422   0.13902540059640087   -8.569058417223879
1.3370819451629976   0.1266556023868921   -8.973755917701913
1.3386531342865735   0.11483221728716077   -9.399362455507719
1.3402243234101492   0.10356124582417328   -9.848027295233887
1.341795512533725   0.09284838498915603   -10.32225641327493
1.343366701657301   0.08269902463868747   -10.824996072822085
1.3449378907808767   0.07311824406514325   -11.359742407926976
1.3465090799044526   0.06411080873899977   -11.930687378104102
1.3480802690280282   0.05568116722539983   -12.542916615346634
1.3496514581516041   0.047833448277235194   -13.202683009583113
1.3512226472751798   0.04057145810697936   -13.917793731013264
1.3527938363987557   0.033898677839317846   -14.698172275778878
1.3543650255223314   0.027818261146598043   -15.556700045998056
1.3559362146459073   0.022333032068941265   -16.51052291005935
1.357507403769483   0.017445483020819143   -17.583169766512516
1.3590785928930589   0.013157772985728938   -18.808175778562813
1.3606497820166346   0.009471725900542308   -20.235708325064333
1.3622209711402105   0.006388829230946936   -21.945786521312094
1.3637921602637861   0.003910232739324174   -24.0779728130883
1.365363349387362   0.002036747446260169   -26.910626063200777
1.3669345385109377   0.0007688447867989879   -31.14160761184943
1.3685057276345136   0.00010665596240680918   -39.72010789195674
1.3700769167580893   4.997148951709347e-05   -43.01269014443649
1.3716481058816652   0.0005982409453941811   -32.23123139926242
1.3732192950052409   0.0017505729119413507   -27.56819547926301
1.3747904841288168   0.003505735117956294   -24.552207770124745
1.3763616732523924   0.005862154780213173   -22.319426448556108
1.3779328623759683   0.008817919143636457   -20.54633838525694
1.379504051499544   0.01237077622069565   -19.076030140284622
1.38107524062312   0.01651813573004705   -17.82038943304805
1.3826464297466956   0.02125707023429989   -16.724965720987864
1.3842176188702715   0.026584316476690645   -15.753744852430533
1.3857888079938472   0.03249627691628983   -14.88166379728443
1.387359997117423   0.03898902146128445   -14.090576533729793
1.3889311862409988   0.046058289399704265   -13.366921862969743
1.3905023753645747   0.053699491526893434   -12.700298184682522
1.3920735644881503   0.061907712468841955   -12.082552361454365
1.3936447536117262   0.07067771320043557   -11.507175045273293
1.395215942735302   0.08000393375748564   -10.968886529900473
1.3967871318588778   0.08988049614135579   -10.463345341039274
1.3983583209824535   0.10030120741479598   -9.98693834629469
1.3999295101060294   0.11125956298755851   -9.53662646338103
1.401500699229605   0.12274875009016173   -9.109829179211687
1.403071888353181   0.13476165143413196   -8.704336723820322
1.4046430774767567   0.14729084905684717   -8.318242313871512
1.4062142666003326   0.16032862834907738   -7.949889202026345
1.4077854557239082   0.17386698226309918   -7.597828811831542
1.4093566448474841   0.18789761569925084   -7.260787284728027
1.4109278339710598   0.20241195006856755   -6.937638488979351
1.4124990230946357   0.21740112802913047   -6.627382048226403
1.4140702122182114   0.23285601839353864   -6.329125309517387
1.4156414013417873   0.24876722120491804   -6.0420684324695175
1.417212590465363   0.2651250729786422   -5.7654919729287695
1.4187837795889389   0.2819196521069623   -5.498746476530658
1.4203549687125145   0.2991407844235036   -5.241243703962624
1.4219261578360904   0.316778048924612   -4.992449190234607
1.4234973469596661   0.3348207836442879   -4.751875901765576
1.425068536083242   0.35325809167949573   -4.519078802485729
1.4266397252068177   0.372078847362372   -4.293650176984347
1.4282109143303936   0.39127170257592   -4.075215587570989
1.4297821034539693   0.41082509320952365   -3.8634303648695445
1.4313532925775452   0.43072724575067184   -3.6579765496321412
1.4329244817011209   0.4509661840090334   -3.4585602179068546
1.4344956708246968   0.47152973596910214   -3.2649091333099625
1.4360668599482724   0.49240554076735704   -3.0767706795550662
1.4376380490718483   0.5135810557899952   -2.893910034035647
1.439209238195424   0.5350435638870089   -2.7161085495120147
1.440780427319   0.5567801806984917   -2.5431623160899655
1.4423516164425756   0.5787778620887977   -2.3748808799224452
1.4439228055661515   0.6010234116842766   -2.2110860985825944
1.4454939946897272   0.6235034885100618   -2.051611115988731
1.447065183813303   0.6462046147214844   -1.8962994422117352
1.4486363729368787   0.6691131834254578   -1.7450041255546636
1.4502075620604546   0.6922154665872786   -1.5975870060278161
1.4517787511840303   0.7154976230180438   -1.4539180408109653
1.4533499403076062   0.7389457064380243   -1.3138746935383703
1.454921129431182   0.7625456736110736   -1.1773413803039658
1.4564923185547578   0.7862833925453024   -1.044208966188687
1.4580635076783335   0.8101446507549948   -0.9143743068893583
1.4596346968019094   0.8341151635788988   -0.7877398306944415
1.461205885925485   0.8581805825497797   -0.6642131566279795
1.462777075049061   0.8823265038102798   -0.5437067450787679
1.4643482641726366   0.9065384765698975   -0.4261375776633015
1.4659194532962125   0.9308020115980568   -0.3114268634439086
1.4674906424197882   0.9551025897480189   -0.19949976895002852
1.4690618315433641   0.9794256705065433   -0.09028516973385033
1.4706330206669398   1.003756700563995   0.016284578559003275
1.4722042097905157   1.0280811223997786   0.12027385140605563
1.4737753989140914   1.0523843828777337   0.2217439505216114
1.4753465880376673   1.0766519418463536   0.32075328430971467
1.4769177771612432   1.1008692807384424   0.41735753494894495
1.4784889662848189   1.125021911165026   0.5116098132709814
1.4800601554083948   1.1490953834981934   0.6035608024778768
1.4816313445319704   1.17307529543756   0.6932588916397711
1.4832025336555463   1.1969473005551554   0.7807502998233978
1.484773722779122   1.2206971168133594   0.8660791916192817
1.486344911902698   1.2443105350507389   0.9492877847634797
1.4879161010262736   1.2677734274304162   1.0304164504837339
1.4894872901498495   1.2910717558458653   1.1095038071425665
1.4910584792734252   1.3141915802787965   1.1865868076967372
1.492629668397001   1.3371190671040725   1.2617008214465533
1.4942008575205767   1.3598404973363671   1.3348797105055346
1.4957720466441526   1.3823422748135694   1.4061559013839395
1.4973432357677283   1.4046109343117157   1.475560452044665
1.4989144248913042   1.4266331495864983   1.5431231147599653
1.50048561401488   1.4483957413362483   1.6088723950689694
1.5020568031384558   1.4698856850815065   1.6728356071113346
1.5036279922620315   1.49109011895617   1.7350389255889787
1.5051991813856074   1.5119963514054324   1.7955074345876996
1.506770370509183   1.5325918687856104   1.854265173471117
1.508341559632759   1.5528643428611884   1.9113351800428149
1.5099127487563346   1.5728016381942862   1.9667395311564326
1.5114839378799105   1.5923918194220121   2.0204993809398197
1.5130551270034862   1.6116231584170306   2.0726349967858404
1.5146263161270621   1.6304841413269506   2.123165793251152
1.5161975052506378   1.6489634754880023   2.172110363992882
1.5177686943742137   1.667050096208757   2.2194865118637686
1.5193398834977894   1.6847331734195232   2.265311277276724
1.5209110726213653   1.7020021181833136   2.3096009649418967
1.522482261744941   1.7188465890642028   2.352371169071236
1.5240534508685168   1.735256498349135   2.3936367971388943
1.5256246399920925   1.7512220181191789   2.4334120922789513
1.5271958291156684   1.766733586166466   2.4717106543962815
1.528767018239244   1.7817819117530107   2.5085454600605765
1.53033820736282   1.7963579812078385   2.543928881248721
1.5319093964863957   1.8104530633588045   2.5778727029956587
1.5334805856099716   1.8240587147957508   2.6103881400099036
1.5350517747335473   1.8371667849615885   2.641485852305394
1.5366229638571232   1.849769421068156   2.6711759598979863
1.5381941529806988   1.8618590728336684   2.6994680566110594
1.5397653421042747   1.8734284970388184   2.7263712230317294
1.5413365312278504   1.8844707618985874   2.7518940386558706
1.5429077203514263   1.8949792512470383   2.77604459325753
1.544478909475002   1.904947668532392   2.798830497515452
1.546050098598578   1.9143700406198971   2.8202588929271433
1.5476212877221536   1.92324072140003   2.8403364610383646
1.5491924768457295   1.931554395199782   2.8590694320139365
1.5507636659693051   1.9393060799948174   2.876463592573476
1.552334855092881   1.9464911304205172   2.892524293313932
1.5539060442164567   1.9531052405799276   2.907256455438683
1.5554772333400326   1.9591444466469001   2.920664576911487
1.5570484224636083   1.9646051292627074   2.9327527380516143
1.5586196115871842   1.9694840157246416   2.943524606585105
1.5601908007107599   1.973778181965208   2.9529834421654804
1.5617619898343358   1.977485054320625   2.961132100375718
1.5633331789579115   1.9806024110875358   2.9679730362219954
1.5649043680814874   1.98312838386693   2.9735083071282666
1.566475557205063   1.9850614586944073   2.9777395754393767
1.568046746328639   1.9864004769560908   2.9806681104392423
1.5696179354522146   1.987144636089574   2.9822947898892096
1.5711891245757905   1.987293490069488   2.9826201010906
1.5727603136993662   1.986846949677356   2.9816441414741313
1.574331502822942   1.9858052825555694   2.979366618717715
1.5759026919465178   1.984169113045462   2.9757868503929643
1.5774738810700937   1.9819394218095678   2.9709037631394786
1.5790450701936694   1.9791175452383185   2.964715891364805
1.5806162593172453   1.9757051746415455   2.957221375466736
1.582187448440821   1.971704355225314   2.9484179595733955
1.5837586375643968   1.9671174848547255   2.938302988795267
1.5853298266879725   1.9619473126034932   2.9268734059821018
1.5869010158115484   1.956196937091199   2.9141257479762657
1.588472204935124   1.9498698046092993   2.900056141352794
1.5900433940587   1.9429697070370617   2.8846602976349778
1.5916145831822757   1.9355007795487775   2.8679335079729302
1.5931857723058516   1.9274674981136806   2.849870637270995
1.5947569614294272   1.9188746767901954   2.8304661177484003
1.5963281505530031   1.9097274648162   2.809713941915792
1.5978993396765788   1.9000313434971885   2.7876076549487254
1.5994705288001547   1.8897921228942742   2.764140346437208
1.6010417179237304   1.8790159383141787   2.739304641488665
1.6026129070473063   1.8677092466033887   2.7130926911594915
1.604184096170882   1.855878822248889   2.685496162188428
1.6057552852944579   1.8435317532878903   2.6565062260025107
1.6073264744180336   1.8306754370291962   2.626113546964131
1.6088976635416095   1.8173175755888862   2.594308269825011
1.6104688526651854   1.8034661712431812   2.5610800063502914
1.612040041788761   1.7891295216014005   2.526417821072833
1.613611230912337   1.7743162146020897   2.49031021613482
1.6151824200359126   1.7590351233355086   2.452745115170362
1.6167536091594885   1.7432954006957024   2.4137098461789974
1.6183247982830642   1.7271064738656037   2.373191123336359
1.61989598740664   1.7104780386385987   2.3311750276837744
1.6214671765302158   1.693420053580203   2.2876469866342983
1.6230383656537917   1.6759427340334707   2.24259175222747
1.6246095547773673   1.6580565459719985   2.195993378060125
1.6261807439009432   1.639772199704328   2.1478351948144585
1.627751933024519   1.6211006434337936   2.0980997842987072
1.6293231221480948   1.602053056677803   2.0467689519086467
1.6308943112716705   1.58264084355077   1.9938236974111525
1.6324655003952464   1.5628756259148602   1.939244183942697
1.634036689518822   1.5427692364029253   1.883009705107296
1.635607878642398   1.52233371131795   1.8250986500485995
1.6371790677659737   1.5015812834135447   1.7654884663608112
1.6387502568895496   1.4805243745599375   1.704155620691394
1.6403214460131252   1.4591755883001558   1.6410755568765962
1.6418926351367011   1.4375477023009824   1.5762226514368018
1.6434638242602768   1.4156536607034877   1.5095701662442749
1.6450350133838527   1.393506566377864   1.4410901981591506
1.6466062025074284   1.3711196730874728   1.3707536254119865
1.6481773916310043   1.3485063775669306   1.2985300504910193
1.64974858075458   1.3256802115192614   1.2243877392710145
1.6513197698781559   1.3026548335370198   1.1482935560960732
1.6528909590017316   1.2794440209525142   1.0702128945028693
1.6544621481253075   1.256061661622115   0.9901096032408945
1.6560333372488831   1.2325217456498447   0.9079459072144445
1.657604526372459   1.2088383570553074   0.8236823229345449
1.6591757154960347   1.1850256653912248   0.7372775680297066
1.6607469046196106   1.1610979173156744   0.6486884643193113
1.6623180937431863   1.1370694281243565   0.5578698339047503
1.6638892828667622   1.1129545732480295   0.4647743876775557
1.6654604719903379   1.0887677797204596   0.36935260558291194
1.6670316611139138   1.0645235176220655   0.2715526079073846
1.6686028502374894   1.0402362915046246   0.17132001678323208
1.6701740393610653   1.0159206318022191   0.06859780701430879
1.671745228484641   0.9915910862338126   -0.03667385476795358
1.673316417608217   0.9672622112026297   -0.14455778372049236
1.6748876067317926   0.9429485631977139   -0.25511996440133544
1.6764587958553685   0.9186646902028317   -0.3684297537445722
1.6780299849789442   0.8944251231180746   -0.48456010092050333
1.67960117410252   0.8702443671992939   -0.6035877857844454
1.6811723632260958   0.846136893520693   -0.7255936778209151
1.6827435523496717   0.8221171304656637   -0.850663017723666
1.6843147414732473   0.798199455251146   -0.9788857240166642
1.6858859305968232   0.7743981854905432   -1.1103567274262787
1.687457119720399   0.7507275708004074   -1.245176336062639
1.6890283088439748   0.7272017844558639   -1.3834506348702755
1.6905994979675505   0.703834915099908   -1.5252919232693396
1.6921706870911264   0.6806409585114678   -1.6708191954440483
1.693741876214702   0.6576338094372727   -1.8201586683529456
1.695313065338278   0.6348272534923348   -1.9734443632559864
1.6968842544618536   0.6122349591339783   -2.1308187473905686
1.6984554435854295   0.5898704697141128   -2.292433443409539
1.7000266327090052   0.5677471956145829   -2.4584500153415965
1.7015978218325811   0.5458784064701694   -2.6290408411869497
1.7031690109561568   0.5242772234839408   -2.804390083854397
1.7047402000797327   0.5029566118394125   -2.9846947740358583
1.7063113892033084   0.4819293732140714   -3.1701660208581375
1.7078825783268843   0.46120813839858044   -3.361030368831985
1.70945376745046   0.4408053600260764   -3.557531322826683
1.7110249565740359   0.4207333054157235   -3.759931066661293
1.7125961456976115   0.40100404953477875   -3.9685124055682843
1.7141673348211874   0.38162946808316467   -4.183580968451506
1.7157385239447631   0.36262123070464486   -4.405467712768555
1.717309713068339   0.3439907943284226   -4.634531783341598
1.7188809021919147   0.32574939664507735   -4.871163786841755
1.7204520913154906   0.307908049720485   -5.1157895566395855
1.7220232804390663   0.2904775337514437   -5.3688744988553765
1.7235944695626422   0.273468390966466   -5.630928630703149
1.7251656586862179   0.2568909196752578   -5.9025124478120095
1.7267368478097938   0.24075516847015294   -6.184243789770161
1.7283080369333694   0.22507093058282204   -6.476805914871225
1.7298792260569453   0.20984773839930862   -6.780957048975429
1.731450415180521   0.19509485813650693   -7.097541743679771
1.733021604304097   0.18082128468292882   -7.427504471431962
1.7345927934276726   0.1670357366066433   -7.77190600799077
1.7361639825512485   0.15374665133302365   -8.13194331741965
1.7377351716748242   0.14096218049496245   -8.508973878487874
1.7393063607984   0.1286901854579662   -8.90454569876124
1.7408775499219757   0.116938233022554   -9.320434690762202
1.7424487390455516   0.10571359130614989   -9.758691689457175
1.7440199281691275   0.09502322580665203   -10.221702258582077
1.7455911172927032   0.08487379564964707   -10.712263701444062
1.7471623064162791   0.07527165002118236   -11.233685579723003
1.7487334955398548   0.06622282478788019   -11.789922914501593
1.7503046846634307   0.0577330393060099   -12.385755713190374
1.7518758737870064   0.049807693421091905   -13.027035611259166
1.7534470629105823   0.04245186465940021   -13.721032187821447
1.755018252034158   0.035670305612685034   -14.47693157563107
1.7565894411577339   0.029467441517245382   -15.306575549829699
1.7581606302813095   0.023847368028419833   -16.22559527712623
1.7597318194048854   0.01881384919138275   -17.25522318444115
1.7613030085284611   0.014370315609062406   -18.425336633164367
1.762874197652037   0.010519862807823516   -19.77989882605625
1.7644453867756127   0.007265249801479052   -21.387493889615058
1.7660165758991886   0.004608897854029487   -23.364028227105557
1.7675877650227643   0.002552889441440914   -25.92967822758858
1.7691589541463402   0.0010989674126184882   -29.590147902176707
1.7707301432699158   0.0002485343496336653   -36.0461183204532
1.7723013323934917   2.6521271199437796e-06   -55.76241941058939
1.7738725215170674   0.00036204167064503664   -34.412402401476086
1.7754437106406433   0.0013270829137345143   -28.77101615101166
1.777014899764219   0.0028978149531059105   -25.379292010210715
1.778586088887795   0.005073936401551107   -22.946548950820905
1.7801572780113706   0.007854805937780148   -21.048644849571915
1.7817284671349465   0.011239443052430532   -19.492551701666876
1.7832996562585222   0.015226528989311426   -18.17399057806362
1.784870845382098   0.01981440788085799   -17.030188793535523
1.7864420345056737   0.025001088076625474   -16.02041072541287
1.7880132236292496   0.030784243663573022   -15.116714979915066
1.7895844127528253   0.03716121617673151   -14.29910069584725
1.7911556018764012   0.04412901649878708   -13.552757417031637
1.792726790999977   0.051684326946942   -12.866411264995147
1.7942979801235528   0.05982350354537225   -12.231281489754583
1.7958691692471285   0.06854257848141834   -11.640395556769942
1.7974403583707044   0.07783726274361948   -11.088124394654766
1.79901154749428   0.08770294893951229   -10.569857986418738
1.800582736617856   0.0981347142910965   -10.081773331669236
1.8021539257414316   0.1091273238056869   -9.620664911486726
1.8037251148650075   0.12067523361984861   -9.183818481421145
1.8052963039885832   0.13277259451393822   -8.768915548267994
1.806867493112159   0.1454132555947584   -8.373959992299799
1.8084386822357348   0.15859076814364914   -7.997220946139035
1.8100098713593107   0.17229838962734997   -7.637187791098676
1.8115810604828864   0.18652908786876352   -7.292534311470873
1.8131522496064623   0.20127554537478248   -6.962089857651069
1.814723438730038   0.21653016381813742   -6.644815935299555
1.8162946278536138   0.23228506867025694   -6.339787039673217
1.8178658169771895   0.24853211398193173   -6.046174843621536
1.8194370061007654   0.26526288730862335   -5.763235058796447
1.821008195224341   0.2824687147770389   -5.490296445445443
1.822579384347917   0.30014066628967745   -5.226751562481667
1.8241505734714927   0.3182695608638164   -4.972048937279685
1.8257217625950686   0.3368459721015047   -4.725686401481715
1.8272929517186443   0.35586023378689013   -4.487205390472571
1.8288641408422202   0.3753024456073334   -4.256186043995984
1.8304353299657958   0.39516247899449153   -4.032242976494584
1.8320065190893717   0.41542998308171414   -3.815021610236282
1.8335777082129474   0.4360943907738188   -3.604194983697859
1.8351488973365233   0.4571449249254825   -3.399460963156264
1.836720086460099   0.47857060462420026   -3.2005397978703307
1.8382912755836749   0.5003602515739621   -3.0071719692707792
1.8398624647072506   0.5225024965755003   -2.81911629273051
1.8414336538308265   0.5449857860991647   -2.636148237139861
1.8430048429544021   0.5677983889462108   -2.4580584329742403
1.844576032077978   0.5909284029944616   -2.284651344041792
1.8461472212015537   0.6143637620240763   -2.115744081829212
1.8477184103251296   0.6380922426193008   -1.9511653444642305
1.8492895994487053   0.6621014711418912   -1.7907544649054605
1.8508607885722812   0.6863789307720243   -1.6343605551421336
1.8524319776958569   0.7109119686123235   -1.4818417350165392
1.8540031668194328   0.7356878028507955   -1.3330644358262527
1.8555743559430085   0.7606935299782498   -1.1879027701748688
1.8571455450665844   0.7859161320559648   -1.0462379606533576
1.85871673419016   0.8113424840291527   -0.9079578208866652
1.860287923313736   0.836959361081971   -0.7729562832933455
1.8618591124373116   0.8627534460296012   -0.6411329686064922
1.8634303015608875   0.888711336743134   -0.5123927928050738
1.8650014906844632   0.914819553602791   -0.38664560762575306
1.866572679808039   0.9410645469752204   -0.2638058712742639
1.8681438689316148   0.9674327047103815   -0.14379234634715732
1.8697150580551907   0.9939103596537954   -0.026527822313385747
1.8712862471787663   1.0204837971696747   0.08806113979709596
1.8728574363023422   1.0471392626707396   0.20004444259268814
1.874428625425918   1.0738629691502637   0.3094886692741656
1.8759998145494938   1.100641104712169   0.41645728401183474
1.8775710036730697   1.1274598400947904   0.5210108172379931
1.8791421927966454   1.1543053361841231   0.6232070371929274
1.8807133819202213   1.1811637515122897   0.7231011089256756
1.882284571043797   1.2080212497369915   0.8207457418298997
1.8838557601673729   1.2348640070978467   0.9161913266884265
1.8854269492909486   1.2616782198453753   1.0094860631041556
1.8869981384145245   1.2884501116386293   1.1006760781110472
1.8885693275381001   1.3151659409072802   1.1898055366826017
1.890140516661676   1.3418120081742613   1.2769167447886862
1.8917117057852517   1.368374663334848   1.3620502455904027
1.8932828949088276   1.394840312888352   1.44524490930955
1.8948540840324033   1.421195427118427   1.5265380172600642
1.8964252731559792   1.447426547218229   1.6059653404859713
1.8979964622795549   1.4735202923565427   1.6835612134106923
1.8995676514031308   1.499463366681224   1.7593586028678607
1.9011388405267065   1.5252425662561666   1.833389172851447
1.9027100296502824   1.5508447859282688   1.9056833452948938
1.904281218773858   1.5762570261207063   1.976270357162332
1.905852407897434   1.601466399549115   2.04517831411213
1.9074235970210096   1.6264601378571142   2.112434240971039
1.9089947861445855   1.6512255981679047   2.178064129238514
1.9105659752681612   1.6757502695484978   2.242092981822551
1.912137164391737   1.7000217793834134   2.3045448551929497
1.9137083535153128   1.724027899654608   2.3654428991229564
1.9152795426388887   1.7477565531245556   2.42480939417719
1.9168507317624643   1.7711958194193749   2.4826657870913733
1.9184219208860402   1.7943339410091284   2.5390327241786874
1.919993110009616   1.8171593290822965   2.5939300828869696
1.9215642991331918   1.8396605693116992   2.6473770016221154
1.9231354882567675   1.8618264275090342   2.6993919079441535
1.9247066773803434   1.8836458551654625   2.7499925452350378
1.926277866503919   1.9051079948755785   2.799195997929647
1.927849055627495   1.9262021856423202   2.847018715395212
1.9294202447510707   1.9469179680603448   2.893476534538033
1.9309914338746466   1.9672450893756124   2.9385847012111044
1.9325626229982222   1.9871735084188191   2.982357890490665
1.9341338121217981   2.0066934004106254   3.0248102258854366
1.9357050012453738   2.025795161636491   3.0659552975374345
1.9372761903689497   2.044469413989215   3.1058061794696146
1.9388473794925254   2.062707009377177   3.144375445931438
1.9404185686161013   2.080499033996564   3.1816751868904087
1.941989757739677   2.0978368124657316   3.2177170227139062
1.9435609468632529   2.114711911820173   3.2525121180831684
1.9451321359868285   2.1311161453664176   3.286071195177965
1.9467033251104044   2.1470415763935295   3.318404546168475
1.9482745142339801   2.1624805217406795   3.3495220450478733
1.949845703357556   2.1774255552196395   3.379433158837473
1.9514168924811317   2.191869510890897   3.4081469581936923
1.9529880816047076   2.2058054861923666   3.4356721274445357
1.9545592707282833   2.2192268449196004   3.462016974081139
1.9561304598518592   2.2321272200566606   3.487189437728534
1.9577016489754349   2.244500516456721   3.5111970986178513
1.9592728380990108   2.2563409133717545   3.5340471855810534
1.9608440272225864   2.26764286683055   3.5557465835874824
1.9624152163461623   2.278401111864592   3.5763018408405927
1.963986405469738   2.2886106645812254   3.595719175451581
1.965557594593314   2.298266824083829   3.61400448170587
1.9671287837168896   2.307365174238587   3.631163335936871
1.9686999728404655   2.315901585287756   3.6472010020208123
1.9702711619640412   2.323872215309215   3.6621224365050455
1.971842351087617   2.331273511522338   3.6759322933816234
1.9734135402111928   2.3381022114401935   3.6886349285168145
1.9749847293347687   2.3443553438682407   3.7002344037464976
1.9765559184583443   2.3500302297497235   3.7107344906464794
1.9781271075819202   2.355124482858104   3.7201386739860998
1.979698296705496   2.3596360103369007   3.728450154872613
1.9812694858290718   2.3635630130874254   3.7356718535932254
1.9828406749526475   2.366903986004976   3.7418064121609067
1.9844118640762234   2.369657718064129   3.746856196569456
1.985983053199799   2.3718232922538536   3.7508232987626418
1.987554242323375   2.3734000853632504   3.7537095383216053
1.9891254314469506   2.3743877676187912   3.7555164638740712
1.9906966205705265   2.3747863021740336   3.7562453542283913
1.9922678096941022   2.3745959444528215   3.755897219234716
1.9938389988176781   2.373817241347102   3.7544728003751464
1.9954101879412538   2.3724510302705464   3.7519725710840683
1.9969813770648297   2.370498438069199   3.7483967367992523
1.9985525661884054   2.3679608797905343   3.7437452347438738
2.0001237553119813   2.3648400573122674   3.738017733438866
2.001694944435557   2.3611379578324323   3.731213631944587
2.0032661335591326   2.3568568522222306   3.7233320588301186
2.0048373226827088   2.3519992932432627   3.714371870867954
2.0064085118062844   2.3465681136308305   3.704331651451305
2.00797970092986   2.340566424044985   3.693209708730491
2.009550890053436   2.333997610891181   3.6810040734644955
2.011122079177012   2.32686533401232   3.6677124965828947
2.0126932683005876   2.319173524254171   3.65333244645298
2.0142644574241633   2.3109263809060385   3.637861105845928
2.0158356465477394   2.3021283690187913   3.621295368595474
2.017406835671315   2.292784216602291   3.603631835941683
2.0189780247948907   2.2828989117043257   3.584866812551607
2.0205492139184664   2.272477699373277   3.564996302208032
2.0221204030420425   2.2615260785067144   3.5440160031565435
2.0236915921656182   2.2500497985882215   3.5219213031004015
2.025262781289194   2.2380548563147324   3.498707273831705
2.0268339704127696   2.2255474921167955   3.474368665486568
2.0284051595363457   2.212534186574141   3.448899900410895
2.0299763486599214   2.1990216567290277   3.4222950666224063
2.031547537783497   2.1850168522998032   3.3945479108533267
2.0331187269070727   2.1705269517972687   3.3656518311572237
2.034689916030649   2.155559358546378   3.3355998690620488
2.0362611051542245   2.140121696615868   3.3043847012502123
2.0378322942778   2.124221806658411   3.271998630745054
2.039403483401376   2.1078677416640277   3.238433577581805
2.040974672524952   2.0910677626293572   3.203681068939277
2.0425458616485277   2.0738303341455713   3.1677322287070817
2.0441170507721034   2.0561641199075793   3.130577766461128
2.045688239895679   2.038077978147379   3.0922079658185413
2.047259429019255   2.01958095699426   3.0526126721407856
2.048830618142831   2.0006822897647165   3.01178127955179
2.0504018072664065   1.981391390184801   2.969702717235255
2.051972996389982   1.961717847547865   2.926365434973138
2.0535441855135583   1.9416714218104354   2.8817573878841856
2.055115374637134   1.9212620386291577   2.8358660203187407
2.0566865637607097   1.9004997843415985   2.7886782488626043
2.0582577528842854   1.879394900893871   2.740180444399627
2.0598289420078615   1.8579577807179108   2.690358413178707
2.061400131131437   1.8361989615613312   2.639197376827104
2.062971320255013   1.8141291212726995   2.586681951247425
2.0645425093785885   1.7917590725451964   2.532796124331267
2.0661136985021646   1.769099757621519   2.4775232324171785
2.0676848876257403   1.7461622429629533   2.4208459354152865
2.069256076749316   1.72295771388544   2.362746190514721
2.0708272658728917   1.6994974691656253   2.303205224383919
2.072398454996468   1.6757929156197018   2.2422035037664165
2.0739696441200435   1.6518555626579776   2.1797207043673965
2.075540833243619   1.6276970168179408   2.1157356779175345
2.077112022367195   1.6033289762788159   2.0502264172921527
2.078683211490771   1.5787632253603345   1.9831700195530968
2.0802544006143466   1.5540116290086472   1.9145426467704476
2.0818255897379223   1.5290861272720757   1.8443194844687136
2.083396778861498   1.503998729769639   1.7724746975298078
2.084967967985074   1.478761510155036   1.6989813833702119
2.08653915710865   1.4533866005789169   1.6238115221945137
2.0881103462322255   1.4278861861520784   1.5469359241097793
2.089681535355801   1.4022724994124443   1.468324172867011
2.0912527244793773   1.3765578147984114   1.387944565974315
2.092823913602953   1.3507544431313094   1.3057640509039645
2.0943951027265286   1.324874726109525   1.2217481570896336
2.0959662918501043   1.2989310308170265   1.1358609233826362
2.0975374809736804   1.2729357442487883   1.0480648206042957
2.099108670097256   1.2469012678557247   0.9583206687975575
2.100679859220832   1.2208400121115976   0.8665875487423386
2.1022510483444075   1.1947643911044916   0.7728227072571912
2.1038222374679836   1.1686868171552258   0.6769814557618931
2.1053934265915593   1.142619695465218   0.5790170615235211
2.106964615715135   1.1165754187960888   0.47888063094903555
2.1085358048387106   1.09056636218347   0.3765209842223999
2.1101069939622867   1.0646048776872776   0.27188452051003226
2.1116781830858624   1.0387032891807773   0.16491507287616422
2.113249372209438   1.0128738871805927   0.055553751956353065
2.1148205613330138   0.9871289237199953   -0.056261222666115156
2.11639175045659   0.961480607267514   -0.17059470455496
2.1179629395801656   0.9359410976931164   -0.28751481729271927
2.1195341287037412   0.9105225012838551   -0.40709316758738007
2.121105317827317   0.8852368658112503   -0.5294050762403133
2.122676506950893   0.8600961756521806   -0.6545298287977909
2.1242476960744687   0.8351123469654231   -0.7825509479270975
2.1258188851980444   0.8102972229255506   -0.9135564898117493
2.12739007432162   0.7856625690162379   -1.0476393671461828
2.128961263445196   0.7612200683846444   -1.1848977016417204
2.130532452568772   0.7369813172587488   -1.3254352093330928
2.1321036416923476   0.7129578204292025   -1.4693616224124124
2.1336748308159232   0.6891609867975734   -1.616793151819059
2.1352460199394994   0.6656021249924283   -1.7678529953989015
2.136817209063075   0.64229243905493   -1.922671897121169
2.1383883981866507   0.6192430241954108   -2.081388763629644
2.1399595873102264   0.596464862622448   -2.2441513453232864
2.1415307764338025   0.5739688194458289   -2.4111169902382623
2.143101965557378   0.5517656386548346   -2.582453480266955
2.144673154680954   0.5298659391730567   -2.758339960740856
2.14624434380453   0.5082802109911619   -2.938967976164552
2.1478155329281057   0.4870188113787547   -3.1245426269812415
2.1493867220516814   0.4660919611764751   -3.3152838647419984
2.150957911175257   0.44550974116953623   -3.5114279460306435
2.152529100298833   0.42528208854373784   -3.713229069076835
2.154100289422409   0.40541879342496345   -3.920961221307882
2.1556714785459845   0.38592949550313   -4.134920271321711
2.15724266766956   0.3668236807415426   -4.355426345132562
2.1588138567931363   0.3481106781724859   -4.582826534334895
2.160385045916712   0.32979965677990775   -4.817497993415144
2.1619562350402877   0.3118996224698824   -5.059851495296503
2.1635274241638633   0.2944194151296892   -5.310335528945453
2.1650986132874395   0.2773677057760417   -5.5694410413285125
2.166669802411015   0.26075299379321176   -5.837706949256027
2.168240991534591   0.24458360426145834   -6.115726576149891
2.1698121806581665   0.22886768537643484   -6.4041552064592775
2.1713833697817426   0.21361320595992506   -6.703718998995437
2.1729545589053183   0.19882795306237444   -7.015225563493277
2.174525748028894   0.18451952965754553   -7.339576587304593
2.1760969371524697   0.17069535242966555   -7.677783008379432
2.177668126276046   0.15736264965327923   -8.030983376693163
2.1792393153996215   0.14452845916606985   -8.400466243535252
2.180810504523197   0.1321996264347673   -8.7876976877816
2.182381693646773   0.12038280271432983   -9.194355461791739
2.183952882770349   0.10908444330043404   -9.622371764158196
2.1855240718939246   0.09831080587532033   -10.073987394583202
2.1870952610175003   0.08806794894694846   -10.551821130821313
2.188666450141076   0.07836173038145752   -11.058959769510867
2.190237639264652   0.06919780602877387   -11.5990766869922
2.1918088283882278   0.06058162844124777   -12.176590497911192
2.1933800175118034   0.05251844568508774   -12.796881273287706
2.194951206635379   0.045013300244401436   -13.466591350363723
2.1965223957589552   0.03807102801752604   -14.194053845306884
2.198093584882531   0.03169625740534936   -14.98992001183372
2.1996647740061066   0.025893408491224474   -15.868107604676322
2.2012359631296823   0.020666692312115487   -16.8472900528767
2.2028071522532584   0.016020110220496438   -17.953344731281728
2.204378341376834   0.011957453336534354   -19.223612689489123
2.2059495305004098   0.0084823020900169   -20.714862133700464
2.2075207196239854   0.00559802585148715   -22.519650227286036
2.2090919087475616   0.003307782651962258   -24.80462903542591
2.2106630978711372   0.0016145189906159188   -27.919565732789444
2.212234286994713   0.000520969729738759   -32.83186676451028
2.2138054761182886   2.9658076285514248e-05   -45.278423789432054
2.2153766652418647   0.00014289564925289332   -38.44977954750247
2.2169478543654404   0.0008627826321212233   -30.640981024972398
2.218519043489016   0.002191208009548191   -26.59316195070899
2.2200902326125918   0.004129849887475446   -23.8406562871059
2.221661421736168   0.006680175895776051   -21.752120369492726
2.2232326108597436   0.009843443672539231   -20.06852895421776
2.2248037999833192   0.013620701429065601   -18.658004949782352
2.226374989106895   0.018012788594603122   -17.444190238974763
2.227946178230471   0.02302033653984648   -16.378883127384583
2.2295173673540467   0.028643769378168017   -15.429698164389269
2.2310885564776224   0.03488330484356163   -14.573823642903713
2.232659745601198   0.041738955244202874   -13.794584154299049
2.234230934724774   0.049210528490559166   -13.079419620622222
2.23580212384835   0.057297629196907576   -12.418633398771021
2.2373733129719255   0.0659996598551508   -11.80458296111389
2.238944502095501   0.07531582207974417   -11.231137734100061
2.2405156912190773   0.08524511792255943   -10.693304790297391
2.242086880342653   0.09578635125647869   -10.1869636526315
2.2436580694662287   0.10693812922651486   -9.70867413646993
2.2452292585898044   0.11869886376718099   -9.255534346065428
2.2468004477133805   0.13106677318488544   -8.825073892939239
2.248371636836956   0.14403988380403315   -8.415172346278332
2.249942825960532   0.15761603167560603   -8.023996082398568
2.2515140150841075   0.1717928643468374   -7.649948766214236
2.2530852042076837   0.18656784269071514   -7.291632079160046
2.2546563933312593   0.20193824279392875   -6.947814250096629
2.256227582454835   0.21790115790198322   -6.61740459963024
2.2577987715784107   0.2344535004200302   -6.299432769535263
2.259369960701987   0.25159200396811565   -5.993031639159529
2.2609411498255625   0.26931322548938746   -5.697423170292638
2.262512338949138   0.2876135474099875   -5.411906598012994
2.264083528072714   0.3064891798490891   -5.135848515875602
2.26565471719629   0.32593616287776206   -4.868674502092468
2.2672259063198656   0.3459503688252079   -4.609862007940868
2.2687970954434413   0.36652750463099404   -4.358934286748831
2.270368284567017   0.3876631142417811   -4.115455185930082
2.271939473690593   0.40935258105117467   -3.8790246588993327
2.273510662814169   0.4315911303812169   -3.649274880664482
2.2750818519377445   0.45437383200415205   -3.4258668722028833
2.27665304106132   0.4776956027029135   -3.2084875556896177
2.2782242301848963   0.5015512088690031   -2.9968471762243656
2.279795419308472   0.52593526913621   -2.790677036647568
2.2813666084320476   0.550842257048827   -2.58972750090047
2.2829377975556238   0.5762665037628626   -2.3937662286079857
2.2845089866791994   0.6022022007787466   -2.2025766094778296
2.286080175802775   0.6286434027042542   -2.0159563709746724
2.287651364926351   0.6555840300460474   -1.8337163367543743
2.289222554049927   0.6830178720284678   -1.6556793166827926
2.2907937431735026   0.7109385894381133   -1.4816791120508017
2.2923649322970783   0.7393397174928782   -1.311559621929297
2.293936121420654   0.7682146687338803   -1.1451740385706362
2.29550731054423   0.7975567359389567   -0.9823841214157316
2.2970784996678058   0.8273590950562696   -0.8230595406677017
2.2986496887913814   0.857614808156724   -0.6670772825821148
2.300220877914957   0.8883168264036303   -0.5143211096396118
2.3017920670385332   0.9194579930383767   -0.3646810696321056
2.303363256162109   0.9510310463806174   -0.21805304843887222
2.3049344452856846   0.9830286228417635   -0.0743383619071137
2.3065056344092603   1.0154432599502092   0.06655661719501643
2.3080768235328364   1.048267399387147   0.20472080070980458
2.309648012656412   1.0814933900314687   0.3402386982473199
2.3112192017799877   1.115113491012584   0.4731907047520998
2.3127903909035634   1.149119874769683   0.603653364947955
2.3143615800271395   1.1835046301162913   0.7316996168573127
2.315932769150715   1.2182597653086806   0.8573990163508269
2.317503958274291   1.2533772111170525   0.9808179444741781
2.3190751473978666   1.2888488238980123   1.1020197991127256
2.3206463365214427   1.3246663886672556   1.2210651723934158
2.3222175256450184   1.3608216221711409   1.33801201507877
2.323788714768594   1.3973061759560488   1.4529157890814892
2.3253599038921697   1.4341116394341393   1.5658296091146782
2.326931093015746   1.4712295429445152   1.6768043743940633
2.3285022821393215   1.5086513608084562   1.7858888912186082
2.330073471262897   1.5463685143777717   1.893129987177953
2.331644660386473   1.5843723750748915   1.9985726176632048
2.333215849510049   1.6226542674238125   2.10225996529597
2.3347870386336247   1.6612054720705696   2.204233532832727
2.3363582277572004   1.7000172287924125   2.304533230052443
2.337929416880776   1.7390807394943928   2.4031974550885478
2.339500606004352   1.7783871711924246   2.5002631706265186
2.341071795127928   1.8179276589817495   2.595765975351138
2.3426429842515035   1.8576933089898853   2.6897401709947126
2.344214173375079   1.8976752013129659   2.7822188253071367
2.3457853624986553   1.9378643929345056   2.8732338312419587
2.347356551622231   1.9782519206257154   2.962815962628297
2.3489277407458067   2.018828803826417   3.0509949265760596
2.3504989298693824   2.0595860475055803   3.1377994128417237
2.3520701189929585   2.100514645000653   3.2232571403639607
2.353641308116534   2.1416055808347774   3.3073949011615844
2.35521249724011   2.182849833511134   3.390238601771422
2.3567836863636855   2.224238378283416   3.4718133023894397
2.3583548754872616   2.2657621899018032   3.552143253866573
2.3599260646108373   2.307412245333472   3.6312519326985306
2.361497253734413   2.3491795264570845   3.709162074139126
2.3630684428579887   2.3910550227302902   3.785895703556241
2.364639631981565   2.4330297338296756   3.861474166141465
2.3662108211051405   2.475094672262326   3.9359181550758744
2.367782010228716   2.5172408659484984   4.009247738247544
2.369353199352292   2.559459360774506   4.081482383608892
2.370924388475868   2.60174122311541   4.152640983256483
2.3724955775994436   2.644077542326645   4.22274187630942
2.3740667667230193   2.6864594332042646   4.2918028706579445
2.375637955846595   2.728878038412998   4.3598412636482555
2.377209144970171   2.7713245308816408   4.426873861765477
2.378780334093747   2.8137901161652144   4.492916999372414
2.3803515232173225   2.8562660347735305   4.557986556558188
2.381922712340898   2.8987435644653976   4.622097976146603
2.3834939014644743   2.941214022508221   4.685266279911614
2.38506509058805   2.9836687679023894   4.747506084043625
2.3866362797116256   3.0260992035701944   4.808831613908018
2.3882074688352013   3.068496778508654   4.86925671813415
2.3897786579587774   3.110852989906026   4.928794882071152
2.391349847082353   3.1531593852214717   4.987459240644169
2.3929210362059288   3.195407564227764   5.045262590643143
2.3944922253295045   3.2375891810164323   5.102217402473545
2.3960634144530806   3.2796959459651873   5.158335831397296
2.3976346035766563   3.3217196276673167   5.2136297282901625
2.399205792700232   3.363652054822795   5.268110649940367
2.4007769818238076   3.40548511809079   5.321789868911645
2.4023481709473837   3.4472107719033547   5.374678382992632
2.4039193600709594   3.4888210362401146   5.426786924253307
2.405490549194535   3.5303079983638144   5.478125967727965
2.4070617383181108   3.571663814516382   5.52870573974285
2.408632927441687   3.612880711575489   5.578536225905907
2.4102041165652626   3.6539509886714003   5.627627178774896
2.4117753056888382   3.6948670187640995   5.675988125219367
2.413346494812414   3.735621250180394   5.7236283734908415
2.41491768393599   3.776206208111113   5.770557020015161
2.4164888730595657   3.816614496068146   5.816782955919798
2.4180600621831414   3.8568387973015126   5.862314873308679
2.4196312513067175   3.896871876176144   5.907161271295847
2.421202440430293   3.9367065795085345   5.951330461809139
2.422773629553869   3.976335837863303   5.994830575174392
2.4243448186774446   4.015752666809504   6.037669565489815
2.4259160078010207   4.0549501681369   6.0798552158001185
2.4274871969245964   4.0939215310320565   6.121395143079061
2.429058386048172   4.1326600332145995   6.162296803029146
2.4306295751717477   4.171159042033372   6.202567494706073
2.432200764295324   4.209412015522883   6.242214364975872
2.4337719534188995   4.247412503419922   6.281244412811659
2.435343142542475   4.285154148140707   6.319664493437126
2.436914331666051   4.322630685718427   6.357481322322986
2.438485520789627   4.3598359467015815   6.3947014790428005
2.4400567099132027   4.39676385701308   6.431331410993881
2.4416278990367783   4.4334084387704635   6.467377436989059
2.443199088160354   4.469763811067305   6.502845750724482
2.44477027728393   4.505824190716012   6.5377424241285595
2.446341466407506   4.541583892952287   6.572073410596918
2.4479126555310815   4.577037332101521   6.605844548118
2.449483844654657   4.612179022207222   6.639061562293587
2.4510550337782333   4.647003577621865   6.671730069258515
2.452626222901809   4.681505713560307   6.703855578503513
2.4541974120253847   4.715680246616225   6.735443495605082
2.4557686011489603   4.749522095241649   6.766499124865884
2.4573397902725365   4.783026280190021   6.797027671869227
2.458910979396112   4.816187924923032   6.82703424595088
2.460482168519688   4.849002255981658   6.856523862591523
2.4620533576432635   4.881464603321529   6.885501445732608
2.4636245467668396   4.913570400613152   6.9139718300187605
2.4651957358904153   4.945315185507207   6.941939762969309
2.466766925013991   4.9766945998653975   6.9694099070817295
2.4683381141375667   5.007704389957065   6.9963868418693735
2.4699093032611428   5.038340406622078   7.022875065836028
2.4714804923847185   5.068598605400239   7.048878998389513
2.473051681508294   5.098475046627771   7.074402981696642
2.47462287063187   5.127965895501098   7.099451282481564
2.476194059755446   5.157067422108427   7.124028093769552
2.4777652488790216   5.185776001429486   7.148137536578199
2.4793364380025973   5.214088113303927   7.171783661557899
2.480907627126173   5.242000342368661   7.194970450583326
2.482478816249749   5.269509377964687   7.217701818297705
2.4840500053733248   5.296612014013753   7.239981613611461
2.4856211944969004   5.323305148865396   7.2618136211568824
2.487192383620476   5.349585785114664   7.283201562700237
2.4887635727440522   5.3754510293910895   7.304149098512852
2.490334761867628   5.4008980921192595   7.3246598287024955
2.4919059509912036   5.425924287251581   7.344737294506492
2.4934771401147793   5.450527031973528   7.364384979547726
2.4950483292383554   5.474703846381981   7.38360631105488
2.496619518361931   5.498452353137025   7.402404661048023
2.4981907074855068   5.5217702770877555   7.420783347490736
2.4997618966090824   5.544655444872518   7.438745635409837
2.5013330857326586   5.567105784494055   7.45629473798377
2.5029042748562342   5.589119324870055   7.473433817600653
2.50447546397981   5.610694195359622   7.490165986887035
2.5060466531033856   5.631828625266066   7.506494309708167
2.5076178422269617   5.652520943316557   7.522421802140813
2.5091890313505374   5.672769577119118   7.537951433419386
2.510760220474113   5.692573052597463   7.553086126856315
2.5123314095976887   5.711929993404124   7.567828760737376
2.513902598721265   5.730839120312395   7.582182169192803
2.5154737878448405   5.749299250587548   7.596149143044916
2.5170449769684162   5.767309297337891   7.609732430632999
2.518616166091992   5.784868268846047   7.62293473861609
2.520187355215568   5.801975267881041   7.635758732754377
2.5217585443391437   5.818629490991606   7.648207038669819
2.5233297334627194   5.834830227781292   7.660282242586639
2.524900922586295   5.850576860165792   7.671986892052287
2.526472111709871   5.865868861612988   7.683323496639404
2.528043300833447   5.8807057963662235   7.6942945286293885
2.5296144899570225   5.895087318651307   7.704902423678109
2.531185679080598   5.909013171867679   7.715149581464234
2.5327568682041743   5.922483187764265   7.725038366320715
2.53432805732775   5.935497285600498   7.7345711078498915
2.5358992464513257   5.94805547129296   7.743750101522689
2.5374704355749014   5.960157836548196   7.75257760926237
2.5390416246984775   5.97180455798204   7.761055860013214
2.540612813822053   5.982995896226096   7.7691870502946445
2.542184002945629   5.993732195021706   7.77697334474111
2.5437551920692045   6.004013880301969   7.78441687662818
2.5453263811927807   6.013841459262195   7.791519748385177
2.5468975703163563   6.023215519419337   7.7982840320947595
2.548468759439932   6.032136727660827   7.804711769979793
2.550039948563508   6.0406058292832325   7.810804974877805
2.551611137687084   6.0486236470212384   7.816565630703417
2.5531823268106595   6.056191080067447   7.8219956928990655
2.554753515934235   6.063309103083299   7.8270970888742495
2.5563247050578113   6.069978765201706   7.831871718433698
2.557895894181387   6.076201189021744   7.83632145419466
2.5594670833049626   6.0819775695958995   7.840448141993671
2.5610382724285383   6.087309173410247   7.844253601283004
2.5626094615521144   6.092197337358001   7.8477396255170815
2.56418065067569   6.096643467706912   7.85090798252914
2.565751839799266   6.100649039060863   7.853760414898334
2.5673230289228415   6.1042155933160664   7.8562986403075215
2.5688942180464176   6.107344738612389   7.858524351892036
2.5704654071699933   6.110038148280037   7.860439218579529
2.572036596293569   6.112297559782146   7.862044885421234
2.5736077854171446   6.114124773653598   7.8633429739147696
2.5751789745407208   6.115521652436466   7.864335082318709
2.5767501636642964   6.116490119612483   7.865022785959118
2.578321352787872   6.117032158532904   7.86540763752824
2.579892541911448   6.117149811346135   7.865491167375492
2.581463731035024   6.116845177923516   7.86527488379099
2.5830349201585996   6.116120414783591   7.8647602732817266
2.5846061092821753   6.114977734015266   7.8639488008406015
2.586177298405751   6.113419402200158   7.862841910208428
2.587748487529327   6.1114477393345314   7.861441024129117
2.5893196766529027   6.109065117751118   7.859747544598131
2.5908908657764784   6.1062739610412065   7.8577628531043935
2.592462054900054   6.1030767429773025   7.855488310865796
2.5940332440236302   6.099475986436687   7.8529252590584
2.595604433147206   6.095474262326186   7.850075019039487
2.5971756222707816   6.091074188508504   7.8469388925645935
2.5987468113943573   6.086278428730412   7.843518161998661
2.6003180005179334   6.08108969155303   7.839814090521351
2.601889189641509   6.075510729284643   7.835827922326741
2.6034603787650847   6.069544336916162   7.831560882817412
2.6050315678886604   6.06319335105973   7.827014178793147
2.6066027570122365   6.056460648890515   7.822188998634211
2.608173946135812   6.049349147092193   7.817086512479436
2.609745135259388   6.041861800806199   7.811707872399117
2.6113163243829636   6.034001602585157   7.806054212562868
2.6128875135065397   6.025771581350684   7.80012664940254
2.6144587026301154   6.017174801355751   7.793926281770171
2.616029891753691   6.008214361152013   7.787454191091239
2.6176010808772667   5.998893392562163   7.7807114415131196
2.619172270000843   5.989215059657749   7.773699080048997
2.6207434591244185   5.979182557742449   7.766418136717118
2.622314648247994   5.968799112341212   7.758869624675614
2.62388583737157   5.9580679781954204   7.751054540352906
2.625457026495146   5.9469924382642745   7.742973863573753
2.6270282156187217   5.935575802732618   7.734628557681016
2.6285994047422974   5.9238214080253835   7.726019569653197
2.630170593865873   5.911732615828921   7.717147830217842
2.631741782989449   5.899312812119293   7.70801425396082
2.633312972113025   5.88656540619782   7.698619739431566
2.6348841612366005   5.87349382973401   7.68896516924435
2.636455350360176   5.860101535816048   7.679051410175597
2.6380265394837523   5.846391998008956   7.668879313257282
2.639597728607328   5.832368709420761   7.658449713866568
2.6411689177309037   5.818035181776604   7.647763431811568
2.6427401068544794   5.803394944501106   7.636821271413408
2.6443112959780555   5.788451543809045   7.62562402158454
2.645882485101631   5.773208541804556   7.614172455903424
2.647453674225207   5.757669515588926   7.60246733268556
2.6490248633487825   5.741838056377152   7.5905093950509155
2.6505960524723586   5.7257177686233485   7.578299370987784
2.6521672415959343   5.709312269155255   7.565837973413193
2.65373843071951   5.692625186317664   7.553125900229648
2.6553096198430857   5.675660159125305   7.540163834378602
2.656880808966662   5.658420836424875   7.526952443890339
2.6584519980902375   5.640910876066576   7.513492381930487
2.660023187213813   5.6231339440851835   7.499784286843154
2.661594376337389   5.605093713890709   7.485828782190675
2.663165565460965   5.586793865468759   7.4716264767899885
2.6647367545845406   5.568238084590702   7.457177964745726
2.6663079437081163   5.549430062033653   7.442483825479929
2.667879132831692   5.530373492810457   7.427544623758523
2.669450321955268   5.511072075409598   7.41236090971446
2.671021511078844   5.4915295110452265   7.39693321886762
2.6725927002024195   5.471749502917263   7.381262072141416
2.674163889325995   5.4517357554817325   7.365347975876192
2.6757350784495713   5.431491973731241   7.349191421839305
2.677306267573147   5.411021862485834   7.332792887232063
2.6788774566967226   5.390329125694047   7.316152834693321
2.6804486458202983   5.369417465744438   7.299271712299957
2.6820198349438744   5.348290582787337   7.282149953563984
2.68359102406745   5.326952174067249   7.26478797742662
2.6851622131910258   5.305405933265373   7.247186188248874
2.686733402314602   5.283655549852932   7.229344975799171
2.6883045914381776   5.2617047084547135   7.211264715237522
2.6898757805617532   5.239557088223238   7.192945767096569
2.691446969685329   5.217216362223405   7.174388477259336
2.693018158808905   5.194686196827623   7.155593176933717
2.6945893479324807   5.171970251121493   7.136560182623707
2.6961605370560564   5.149072176320001   7.117289796097353
2.697731726179632   5.12599561519419   7.097782304351377
2.699302915303208   5.102744201508403   7.078037979572535
2.700874104426784   5.0793215594679   7.058057079095562
2.7024452935503596   5.055731303177136   7.0378398453578885
2.7040164826739352   5.031977036108356   7.017386505850892
2.7055876717975114   5.008062350580672   6.996697273067769
2.707158860921087   4.983990827249656   6.975772344448073
2.7087300500446627   4.959766034607161   6.954611902318671
2.7103012391682384   4.935391528491728   6.933216113831422
2.7118724282918145   4.910870851609067   6.911585130897109
2.71344361741539   4.886207533063206   6.889719090116188
2.715014806538966   4.861405087897511   6.86761811270561
2.7165859956625416   4.836467016646229   6.8452823044223186
2.7181571847861177   4.8113968048961   6.822711755483002
2.7197283739096934   4.786197922858176   6.799906540480248
2.721299563033269   4.7608738249496545   6.776866718294913
2.7228707521568447   4.735427949385818   6.753592332004788
2.724441941280421   4.709863717782022   6.7300834087895325
2.7260131304039965   4.684184534765534   6.7063399598316735
2.727584319527572   4.658393787597344   6.682361980213804
2.729155508651148   4.632494845803714   6.658149448811768
2.730726697774724   4.6064910608176675   6.633702328184004
2.7322978868982997   4.580385765630001   6.609020564456682
2.7338690760218753   4.5541822744500635   6.584104087204862
2.735440265145451   4.527883882376106   6.558952809329476
2.737011454269027   4.50149386507512   6.5335666269300905
2.738582643392603   4.47501547847214   6.507945419173399
2.7401538325161785   4.448451958448951   6.482089048157404
2.741725021639754   4.421806520551993   6.455997358771084
2.7432962107633303   4.395082359709668   6.429670178549765
2.744867399886906   4.368282649958665   6.403107317525781
2.7464385890104817   4.34141054417943   6.376308568074599
2.7480097781340573   4.314469173840574   6.349273704756162
2.7495809672576335   4.287461648752318   6.322002484151566
2.751152156381209   4.260391056828654   6.2944946446947405
2.752723345504785   4.2332604638582945   6.266749906499207
2.7542945346283605   4.206072913284395   6.238767971179885
2.7558657237519366   4.178831425992725   6.210548521669615
2.7574369128755123   4.15153900010845   6.182091222030555
2.759008101999088   4.124198610801233   6.153395717260132
2.7605792911226636   4.0968132100987775   6.124461633091673
2.7621504802462398   4.0693857267085   6.095288575789373
2.7637216693698154   4.04191906584752   6.065876131937773
2.765292858493391   4.014416109080439   6.0362238682251785
2.766864047616967   3.986879714165393   6.006331331221515
2.768435236740543   3.9593127149077345   5.976198047149887
2.7700064258641186   3.9317179210217357   5.945823521652277
2.7715776149876943   3.904098117999692   5.915207239548632
2.77314880411127   3.876456066988927   5.88434866458989
2.774719993234846   3.848794504676102   5.853247239204239
2.7762911823584218   3.8211161431789926   5.821902384236748
2.7778623714819974   3.793423669945577   5.7903134986821625
2.779433560605573   3.7657197476603623   5.758479959410731
2.7810047497291492   3.738007014157801   5.7264011208868375
2.782575938852725   3.710288082342765   5.694076314880375
2.7841471279763006   3.682565540117871   5.661504850170528
2.7857183170998763   3.6548419503177785   5.628686012242064
2.7872895062234524   3.6271198506500117   5.595619062973556
2.788860695347028   3.5994017536427156   5.5623032403179025
2.7904318844706038   3.571690146598524   5.528737757974146
2.7920030735941794   3.543987491555372   5.494921805051458
2.7935742627177556   3.516296225253148   5.4608545457238975
2.7951454518413312   3.4886187591070867   5.426535118876935
2.796716640964907   3.46095747918677   5.3919626377442516
2.7982878300884826   3.433314746201637   5.357136189535824
2.7998590192120587   3.4056928954922414   5.3220548350562265
2.8014302083356344   3.378094237027284   5.286717608313079
2.80300139745921   3.350521055406552   5.251123516115662
2.8045725865827857   3.322975609869418   5.215271537663124
2.806143775706362   3.295460134308929   5.179160624122192
2.8077149648299375   3.2679768372913536   5.142789698194039
2.809286153953513   3.240527902081095   5.106157653670049
2.810857343077089   3.2131154866707905   5.069263354976057
2.812428532200665   3.185741723816653   5.032105636704952
2.8139997213242407   3.158408721078982   4.994683303137392
2.8155709104478164   3.131118560867402   4.956995127749794
2.8171420995713925   3.103873300491131   4.919039852709811
2.818713288694968   3.076674972214097   4.8808161883588435
2.820284477818544   3.049525583314606   4.842322812680919
2.8218556669421195   3.022427116149606   4.8035583707577585
2.8234268560656957   2.995381528223578   4.764521474209822
2.8249980451892713   2.9683907522617745   4.725210700622665
2.826569234312847   2.9414566962876005   4.685624592958014
2.8281404234364227   2.914581243704515   4.6457616589498105
2.829711612559999   2.887766253381877   4.605620370484081
2.8312828016835745   2.861013559744755   4.565199162962309
2.83285399080715   2.834324972867893   4.524496434648261
2.834425179930726   2.8077022785733616   4.483510545997182
2.835996369054302   2.781147238532032   4.442239818967208
2.8375675581778776   2.7546615903687224   4.400682536312331
2.8391387473014533   2.72824704777092   4.358836940856383
2.840709936425029   2.7019053006010245   4.316701234747474
2.842281125548605   2.675638015011934   4.274273578692176
2.843852314672181   2.6494468335660564   4.231552091169075
2.8454235037957565   2.6233333753574786   4.188534847620764
2.846994692919332   2.5972992361372933   4.145219879623744
2.8485658820429083   2.5713459884420318   4.101605174035587
2.850137071166484   2.545475181725038   4.057688672118516
2.8517082602900596   2.5196883424908108   4.013468268638819
2.8532794494136353   2.493986974431998   3.968941810940945
2.8548506385372114   2.468372558569406   3.924107097996213
2.856421827660787   2.442846553394356   3.8789618794243013
2.857993016784363   2.417410395013817   3.8335038544875113
2.8595642059079385   2.3920654972979714   3.7877306710564533
2.8611353950315146   2.366813252030225   3.7416399245463654
2.8627065841550903   2.341655029059474   3.695229156822884
2.864277773278666   2.3165921764547095   3.6484958550765394
2.8658489624022416   2.2916260206618047   3.601437450664775
2.8674201515258178   2.2667578666623993   3.554051317920365
2.8689913406493934   2.2419889981347727   3.5063347729250225
2.870562529772969   2.2173206776167644   3.4582850722472585
2.872133718896545   2.1927541466705436   3.409899411643009
2.873704908020121   2.168290626049148   3.36117492471772
2.8752760971436966   2.143931315864835   3.3121086815487693
2.8768472862672723   2.119677395759115   3.2626976872667117
2.878418475390848   2.0955300250743267   3.212938880593736
2.879989664514424   2.0714903430267726   3.16282913233799
2.8815608536379997   2.0475594688814245   3.112365243842357
2.8831320427615754   2.0237385021278227   3.0615439453853783
2.884703231885151   2.0000285226575105   3.010361894533442
2.886274421008727   1.9764305909426865   2.9588156744419396
2.887845610132303   1.9529457482159627   2.906901792103374
2.8894167992558786   1.9295750166513845   2.854616676540953
2.8909879883794543   1.90631939954655   2.80195667694541
2.8925591775030304   1.8831798815055771   2.748918060752492
2.894130366626606   1.860157428623277   2.695497011659818
2.8957015557501817   1.8372529886699975   2.641689627579721
2.8972727448737574   1.8144674912774328   2.5874919185264216
2.8988439339973335   1.7918018481252211   2.5328998044347544
2.900415123120909   1.7692569531282027   2.477909112907586
2.901986312244485   1.7468336826243822   2.422515576889404
2.9035575013680606   1.724532895563462   2.36671483226297
2.9051286904916367   1.7023554336960938   2.3105024153664995
2.9066998796152124   1.6803021217633491   2.2538737604270693
2.908271068738788   1.6583737676868822   2.1968241969082314
2.9098422578623637   1.6365711627594715   2.1393489467676976
2.91141344698594   1.6148950818356977   2.081443121620924
2.9129846361095155   1.5933462835231857   2.0231017198080012
2.914555825233091   1.571925510374005   1.9643196233589255
2.916127014356667   1.5506334890760707   1.9050915948526899
2.917698203480243   1.5294709306450494   1.8454122741673074
2.9192693926038187   1.5084385306160821   1.7852761751143569
2.9208405817273944   1.4875369692356846   1.7246776819543004
2.92241177085097   1.4667669116536615   1.663611045787139
2.923982959974546   1.4461290081148894   1.6020703808127268
2.925554149098122   1.425623894151233   1.5400496604560145
2.9271253382216975   1.4052521907730466   1.477542713349789
2.928696527345273   1.385014504660789   1.414543219170359
2.9302677164688493   1.3649114283562447   1.351044704318245
2.931838905592425   1.3449435404535985   1.287040537437811
2.9334100947160007   1.3251114057902011   1.2225239247682236
2.9349812838395763   1.305415575636961   1.1574879053179674
2.9365524729631525   1.2858565878884889   1.0919253458554037
2.938123662086728   1.2664349672526727   1.0258289357059283
2.939694851210304   1.2471512254400243   0.9591911813480302
2.9412660403338795   1.2280058613523255   0.8920044007973261
2.9428372294574556   1.208999361270926   0.8242607177699124
2.9444084185810313   1.1901321990444647   0.7559520556138521
2.945979607704607   1.1714048362759695   0.6870701309976386
2.9475507968281827   1.1528177225093446   0.6176064473440199
2.949121985951759   1.1343712954153347   0.5475522879972471
2.9506931750753345   1.1160659809765818   0.47689870910929233
2.95226436419891   1.097902193672195   0.4056365322328397
2.9538355533224863   1.0798803366615106   0.33375633660527615
2.955406742446062   1.0620008019669973   0.26124845110802697
2.9569779315696376   1.044263970656479   0.18810294588554227
2.9585491206932133   1.026670213024492   0.11430962360587713
2.9601203098167894   1.0092198887727593   0.03985801034434949
2.961691498940365   0.9919133471898396   -0.03526265392900075
2.9632626880639408   0.9747509273298268   -0.11106342527943647
2.9648338771875165   0.9577329581900987   -0.18755566617708452
2.9664050663110926   0.9408597588881427   -0.26475105632933543
2.9679762554346683   0.9241316388374532   -0.34266160400099466
2.969547444558244   0.9075488979222587   -0.42129965784981216
2.9711186336818196   0.8911118266713985   -0.5006779193041289
2.9726898228053957   0.8748207064309728   -0.5808094555144534
2.9742610119289714   0.8586758095360968   -0.6617077129094141
2.975832201052547   0.842677399481416   -0.743386531391894
2.9774033901761228   0.826825731090528   -0.8258601592110882
2.978974579299699   0.8111210506843373   -0.9091432685492316
2.9805457684232746   0.7955635962481322   -0.9932509718656157
2.9821169575468502   0.7801535975976248   -1.0781988390410617
2.983688146670426   0.764891276543602   -1.164002915372201
2.985259335794002   0.7497768470555662   -1.2506797404643535
2.9868305249175777   0.7348105154239849   -1.3382463680795036
2.9884017140411534   0.7199924804213697   -1.4267203869964797
2.989972903164729   0.705322933462011   -1.5161199429468781
2.991544092288305   0.6908020587605198   -1.606463761692949
2.993115281411881   0.6764300334889931   -1.697771173320576
2.9946864705354566   0.6622070279328479   -1.790062137824576
2.9962576596590322   0.6481332056454139   -1.8833572720689724
2.9978288487826084   0.6342087236010733   -1.9776778782132292
2.999400037906184   0.6204337323470838   -2.0730459737001037
3.0009712270297597   0.6068083761540578   -2.169484322909294
3.0025424161533354   0.5933327931649152   -2.2670164705904132
3.0041136052769115   0.5800071155426718   -2.3656667771938755
3.005684794400487   0.566831469616541   -2.4654604562343576
3.007255983524063   0.5538059760267909   -2.56642361382525
3.0088271726476385   0.5409307498680961   -2.668583290539245
3.0103983617712147   0.5282059008314276   -2.771967505760795
3.0119695508947903   0.5156315333445423   -2.876605304710009
3.013540740018366   0.5032077467108762   -2.982526808334998
3.0151119291419417   0.49093463524711267   -3.0897632662827927
3.016683118265518   0.47881228841906603   -3.198347113182758
3.0182543073890935   0.4668407909763176   -3.308312028490138
3.019825496512669   0.4550202230850087   -3.4196930001689587
3.021396685636245   0.4433506604594796   -3.5325263925069725
3.022967874759821   0.43183217449199157   -3.6468500183960906
3.0245390638833967   0.42046483238132093   -3.7627032164277634
3.0261102530069723   0.40924869725939167   -3.880126933202046
3.027681442130548   0.39818382831672017   -3.999163811270866
3.029252631254124   0.3872702809259848   -4.119858283192254
3.0308238203777   0.37650810676430846   -4.242256672205529
3.0323950095012755   0.3658973539337184   -4.3664073001009225
3.033966198624851   0.3554380670802258   -4.492360602904174
3.0355373877484273   0.3451302875111659   -4.620169255069874
3.037108576872003   0.3349740533110365   -4.749888302942697
3.0386797659955787   0.3249693994556495   -4.8815753083314215
3.0402509551191543   0.31511635792484083   -5.015290503126031
3.0418221442427305   0.30541495781329353   -5.151096955999285
3.043393333366306   0.2958652254400706   -5.289060752335506
3.044964522489882   0.28646718445623487   -5.429251188675562
3.0465357116134575   0.27722085595108875   -5.571740983098225
3.0481069007370336   0.2681262585565362   -5.716606503139287
3.0496780898606093   0.25918340855002764   -5.8639280130249585
3.051249278984185   0.250392319955792   -6.013789942222459
3.0528204681077606   0.24175300464434352   -6.166281177552461
3.0543916572313368   0.23326547243043952   -6.3214953813851285
3.0559628463549124   0.22492973116934414   -6.479531338768274
3.057534035478488   0.21674578685154317   -6.640493336700067
3.059105224602064   0.20871364369555626   -6.804491579192971
3.06067641372564   0.20083330423937906   -6.971642642248734
3.0622476028492156   0.19310476943009658   -7.14206997345014
3.0638187919727913   0.18552803871183654   -7.3159044415212655
3.065389981096367   0.1781031101120753   -7.493284941975878
3.066961170219943   0.17082998032639524   -7.674359065864
3.0685323593435188   0.1637086448013485   -7.85928383968233
3.0701035484670944   0.15673909781572157   -8.04822654572591
3.07167473759067   0.14992133256036438   -8.241365633604346
3.0732459267142462   0.1432553412158951   -8.438891735377183
3.074817115837822   0.13674111502914232   -8.641008798746217
3.0763883049613976   0.1303786443876593   -8.847935355194922
3.0779594940849733   0.12416791889263222   -9.05990594281997
3.0795306832085494   0.11810892743012825   -9.27717270706799
3.081101872332125   0.11220165824060356   -9.500007206760237
3.0826730614557007   0.10644609898679669   -9.728702457826467
3.084244250579277   0.1008422368198327   -9.96357525331756
3.0858154397028525   0.09539005844376311   -10.204968805753174
3.0873866288264282   0.0900895501782477   -10.453255767099048
3.088957817950004   0.08494069801979164   -10.708841693026141
3.09052900707358   0.07994348770102148   -10.972169032294982
3.0921001961971557   0.07509790474848044   -11.243721739753314
3.0936713853207314   0.07040393453859004   -11.524030633732156
3.095242574444307   0.0658615623520002   -11.813679646795507
3.096813763567883   0.0614707734262091   -12.113313154799126
3.098384952691459   0.05723155300653519   -12.42364461547486
3.0999561418150345   0.053143886395279526   -12.74546680776889
3.10152733093861   0.04920775899933068   -13.079664041606321
3.1030985200621863   0.04542315637602379   -13.427226811394892
3.104669709185762   0.04179006427723951   -13.78926950475834
3.1062408983093377   0.0383084686919259   -14.167051964279505
3.1078120874329134   0.03497835588675828   -14.562005954226473
3.1093832765564895   0.03179971244532835   -14.975767935273087
3.110954465680065   0.028772525305378917   -15.410220042091723
3.112525654803641   0.025896781794583615   -15.86754185777635
3.1140968439272165   0.023172469664452047   -16.350276589707345
3.1156680330507927   0.02059957712260931   -16.861416738492427
3.1172392221743683   0.01817809286335754   -17.404516584092377
3.118810411297944   0.015908006096586255   -17.983842239465826
3.1203816004215197   0.013789306574933656   -18.604575412161374
3.121952789545096   0.011821984619224348   -19.273095732814394
3.1235239786686715   0.01000603114234192   -19.997381063677295
3.125095167792247   0.008341437671198947   -20.78759038921161
3.126666356915823   0.006828196367208943   -21.656939342106508
3.128237546039399   0.005466300044894807   -22.62306454140544
3.1298087351629746   0.004255742188960914   -23.71024587240796
3.1313799242865503   0.0031965169695160195   -24.953228497973893
3.132951113410126   0.0022886192556612565   -26.404262626127103
3.134522302533702   0.0015320446274353246   -28.147283003376803
3.136093491657278   0.0009267893859192229   -30.33018480022207
3.1376646807808535   0.0004728505618644554   -33.25275172117819
3.139235869904429   0.00017022592228591797   -37.68971752855578
3.1408070590280053   1.8913975812987854e-05   -47.23194209713168
3.142378248151581   1.8913975812999652e-05   -47.23194209712897
3.1439494372751566   0.00017022592228601753   -37.689717528553246
3.1455206263987323   0.0004728505618646211   -33.252751721176665
3.1470918155223084   0.0009267893859193054   -30.330184800221684
3.148663004645884   0.0015320446274354306   -28.147283003376504
3.15023419376946   0.0022886192556616203   -26.40426262612641
3.1518053828930355   0.0031965169695164497   -24.953228497973306
3.1533765720166116   0.004255742188961091   -23.710245872407775
3.1549477611401873   0.005466300044895008   -22.62306454140528
3.156518950263763   0.0068281963672095726   -21.656939342106106
3.1580901393873386   0.008341437671199646   -20.787590389211243
3.1596613285109147   0.010006031142342185   -19.99738106367718
3.1612325176344904   0.01182198461922464   -19.273095732814287
3.162803706758066   0.013789306574934561   -18.604575412161086
3.164374895881642   0.01590800609658722   -17.983842239465563
3.165946085005218   0.0181780928633579   -17.404516584092292
3.1675172741287936   0.020599577122609694   -16.861416738492345
3.1690884632523693   0.023172469664453205   -16.35027658970713
3.170659652375945   0.025896781794584857   -15.867541857776143
3.172230841499521   0.02877252530537936   -15.410220042091655
3.1738020306230967   0.03179971244531499   -14.975767935274913
3.1753732197466724   0.034978355886745846   -14.562005954228017
3.176944408870248   0.038308468691927396   -14.167051964279336
3.178515597993824   0.04179006427724009   -13.789269504758279
3.1800867871174   0.04542315637602437   -13.427226811394837
3.1816579762409756   0.04920775899933234   -13.079664041606174
3.1832291653645512   0.0531438863952674   -12.74546680776988
3.1848003544881274   0.057231553006535804   -12.423644615474814
3.186371543611703   0.061470773426209754   -12.113313154799082
3.1879427327352787   0.06586156235200215   -11.813679646795379
3.1895139218588544   0.07040393453859209   -11.52403063373203
3.1910851109824305   0.07509790474848117   -11.243721739753273
3.192656300106006   0.07994348770102225   -10.972169032294941
3.194227489229582   0.08494069801979384   -10.708841693026027
3.1957986783531576   0.09008955017824997   -10.45325576709894
3.1973698674767337   0.09539005844376394   -10.204968805753136
3.1989410566003094   0.10084223681983354   -9.963575253317524
3.200512245723885   0.10644609898679921   -9.728702457826364
3.2020834348474607   0.11220165824060617   -9.500007206760138
3.203654623971037   0.11810892743012921   -9.277172707067955
3.2052258130946125   0.1241679188926211   -9.05990594282036
3.206797002218188   0.13037864438766197   -8.847935355194833
3.208368191341764   0.13674111502913128   -8.641008798746569
3.20993938046534   0.1432553412158961   -8.438891735377153
3.2115105695889157   0.14992133256036733   -8.241365633604259
3.2130817587124914   0.15673909781572462   -8.048226545725825
3.214652947836067   0.16370864480133768   -7.859283839682618
3.216224136959643   0.17082998032639637   -7.674359065863971
3.217795326083219   0.17810311011207855   -7.493284941975799
3.2193665152067945   0.1855280387118259   -7.315904441521514
3.2209377043303706   0.1931047694300978   -7.142069973450113
3.2225088934539463   0.20083330423938034   -6.971642642248707
3.224080082577522   0.2087136436955597   -6.8044915791929
3.2256512717010977   0.21674578685153278   -6.640493336700276
3.227222460824674   0.2249297311693454   -6.47953133876825
3.2287936499482495   0.23326547243044082   -6.321495381385104
3.230364839071825   0.24175300464434712   -6.1662811775523965
3.231936028195401   0.2503923199557958   -6.013789942222393
3.233507217318977   0.2591834085500291   -5.863928013024934
3.2350784064425526   0.26812625855652383   -5.716606503139489
3.2366495955661283   0.27722085595107876   -5.571740983098382
3.238220784689704   0.286467184456225   -5.429251188675712
3.23979197381328   0.2958652254400582   -5.289060752335688
3.241363162936856   0.3054149578132951   -5.151096955999263
3.2429343520604315   0.3151163579248312   -5.015290503126163
3.244505541184007   0.3249693994556538   -4.881575308331365
3.2460767303075833   0.33497405331103813   -4.749888302942676
3.247647919431159   0.34513028751116764   -4.620169255069852
3.2492191085547346   0.35543806708021647   -4.492360602904289
3.2507902976783103   0.36589735393370915   -4.366407300101033
3.2523614868018864   0.37650810676429625   -4.24225667220567
3.253932675925462   0.38727028092598653   -4.119858283192235
3.2555038650490378   0.3981838283167112   -3.9991638112709644
3.2570750541726134   0.4092486972593966   -3.8801269332019936
3.2586462432961896   0.42046483238132276   -3.7627032164277447
3.2602174324197652   0.4318321744919932   -3.6468500183960746
3.261788621543341   0.4433506604594706   -3.532526392507061
3.2633598106669166   0.45502022308500006   -3.4196930001690413
3.2649309997904927   0.46684079097630554   -3.30831202849025
3.2665021889140684   0.478812288419068   -3.19834711318274
3.268073378037644   0.4909346352471042   -3.0897632662828682
3.2696445671612198   0.5032077467108814   -2.982526808334953
3.271215756284796   0.515631533344544   -2.8766053047099938
3.2727869454083716   0.5282059008314296   -2.771967505760778
3.2743581345319472   0.5409307498681015   -2.6685832905392015
3.275929323655523   0.553805976026783   -2.566423613825312
3.277500512779099   0.5668314696165291   -2.4654604562344486
3.2790717019026747   0.580007115542674   -2.3656667771938586
3.2806428910262504   0.593332793164907   -2.267016470590473
3.282214080149826   0.60680837615405   -2.1694843229093497
3.283785269273402   0.6204337323470857   -2.0730459737000904
3.285356458396978   0.6342087236010754   -1.977677878213215
3.2869276475205536   0.6481332056454061   -1.8833572720690244
3.2884988366441292   0.6622070279328403   -1.7900621378246262
3.2900700257677054   0.6764300334889953   -1.6977711733205618
3.291641214891281   0.6908020587605223   -1.6064637616929334
3.2932124040148567   0.7053229334620037   -1.5161199429469232
3.2947835931384324   0.7199924804213621   -1.4267203869965253
3.2963547822620085   0.734810515423987   -1.3382463680794916
3.297925971385584   0.7497768470555546   -1.250679740464421
3.29949716050916   0.7648912765435951   -1.16400291537224
3.3010683496327355   0.780153597597618   -1.0781988390410995
3.3026395387563117   0.7955635962481347   -0.9932509718656024
3.3042107278798873   0.8111210506843256   -0.909143268549294
3.305781917003463   0.8268257310905212   -0.8258601592111243
3.3073531061270387   0.8426773994814095   -0.7433865313919272
3.308924295250615   0.858675809536086   -0.6617077129094685
3.3104954843741905   0.874820706430975   -0.5808094555144424
3.312066673497766   0.891111826671392   -0.5006779193041608
3.313637862621342   0.9075488979222522   -0.42129965784984297
3.315209051744918   0.9241316388374561   -0.34266160400098106
3.3167802408684937   0.9408597588881318   -0.26475105632938567
3.3183514299920693   0.9577329581900789   -0.18755566617717465
3.319922619115645   0.9747509273298066   -0.1110634252795265
3.321493808239221   0.9919133471898421   -0.03526265392898957
3.323064997362797   1.0092198887727488   0.03985801034430459
3.3246361864863725   1.0266702130244858   0.11430962360585081
3.326207375609948   1.044263970656473   0.18810294588551738
3.3277785647335243   1.062000801966986   0.2612484511079806
3.3293497538571   1.0798803366615133   0.3337563366052869
3.3309209429806756   1.097902193672189   0.4056365322328159
3.3324921321042513   1.1160659809765758   0.4768987091092689
3.3340633212278274   1.1343712954153236   0.5475522879972047
3.335634510351403   1.1528177225093386   0.6176064473439974
3.337205699474979   1.1714048362759502   0.687070130997567
3.3387768885985545   1.1901321990444593   0.7559520556138327
3.3403480777221306   1.2089993612709151   0.8242607177698734
3.3419192668457063   1.2280058613523206   0.8920044007973089
3.343490455969282   1.247151225440019   0.9591911813480115
3.3450616450928576   1.266434967252667   1.0258289357059083
3.3466328342164338   1.2858565878884778   1.0919253458553664
3.3482040233400094   1.3054155756369552   1.1574879053179483
3.349775212463585   1.325111405790183   1.2225239247681638
3.351346401587161   1.3449435404535934   1.2870405374377947
3.352917590710737   1.3649114283562476   1.351044704318254
3.3544887798343126   1.3850145046607703   1.4145432191703007
3.3560599689578883   1.4052521907730415   1.4775427133497732
3.3576311580814644   1.4256238941512227   1.5400496604559835
3.35920234720504   1.446129008114893   1.6020703808127372
3.3607735363286158   1.4667669116536428   1.6636110457870836
3.3623447254521914   1.4875369692356801   1.7246776819542875
3.3639159145757676   1.5084385306160721   1.785276175114328
3.3654871036993432   1.5294709306450527   1.845412274167317
3.367058292822919   1.5506334890760667   1.9050915948526788
3.3686294819464946   1.5719255103739882   1.9643196233588789
3.3702006710700707   1.5933462835231884   2.023101719808009
3.3717718601936464   1.614895081835687   2.0814431216208953
3.373343049317222   1.636571162759453   2.1393489467676488
3.3749142384407977   1.658373767686878   2.1968241969082203
3.376485427564374   1.6803021217633392   2.2538737604270436
3.3780566166879495   1.7023554336960975   2.3105024153665092
3.379627805811525   1.7245328955634578   2.3667148322629594
3.381198994935101   1.7468336826243653   2.422515576889362
3.382770184058677   1.7692569531281925   2.4779091129075606
3.3843413731822527   1.791801848125211   2.5328998044347295
3.3859125623058284   1.814467491277429   2.5874919185264127
3.387483751429404   1.8372529886699813   2.6416896275796824
3.38905494055298   1.8601574286232663   2.6954970116597936
3.390626129676556   1.88317988150558   2.748918060752499
3.3921973188001315   1.9063193995465333   2.8019566769453723
3.393768507923707   1.9295750166513677   2.854616676540915
3.3953396970472833   1.952945748215952   2.9069017921033504
3.396910886170859   1.9764305909426896   2.9588156744419463
3.3984820752944347   2.000028522657507   3.0103618945334345
3.4000532644180104   2.02373850212782   3.061543945385372
3.4016244535415865   2.0475594688814285   3.112365243842366
3.403195642665162   2.0714903430267633   3.1628291323379703
3.404766831788738   2.095530025074311   3.2129388805937036
3.4063380209123135   2.1196773957590995   3.26269768726668
3.4079092100358896   2.143931315864825   3.3121086815487493
3.4094803991594653   2.168290626049152   3.3611749247177274
3.411051588283041   2.1927541466705422   3.4098994116430066
3.4126227774066167   2.21732067761675   3.4582850722472305
3.414193966530193   2.241988998134764   3.5063347729250056
3.4157651556537685   2.2667578666623913   3.55405131792035
3.417336344777344   2.29162602066179   3.601437450664747
3.41890753390092   2.3165921764546953   3.6484958550765128
3.420478723024496   2.3416550290594773   3.6952291568228897
3.4220499121480716   2.366813252030216   3.741639924546348
3.4236211012716473   2.3920654972979687   3.7877306710564485
3.425192290395223   2.417410395013803   3.8335038544874855
3.426763479518799   2.4428465533943466   3.878961879424285
3.428334668642375   2.468372558569396   3.9241070979961963
3.4299058577659505   2.4939869744319836   3.9689418109409202
3.431477046889526   2.519688342490797   4.013468268638796
3.4330482360131023   2.5454751817250423   4.057688672118523
3.434619425136678   2.571345988442024   4.101605174035575
3.4361906142602536   2.597299236137279   4.14521987962372
3.4377618033838293   2.6233333753574644   4.1885348476207405
3.4393329925074054   2.649446833566047   4.23155209116906
3.440904181630981   2.6756380150119243   4.27427357869216
3.442475370754557   2.70190530060101   4.31670123474745
3.4440465598781325   2.728247047770906   4.35883694085636
3.4456177490017086   2.754661590368713   4.400682536312317
3.4471889381252843   2.781147238532023   4.442239818967193
3.44876012724886   2.807702278573361   4.483510545997182
3.4503313163724356   2.83432497286788   4.524496434648241
3.4519025054960117   2.8610135597447464   4.565199162962296
3.4534736946195874   2.8877662533818684   4.605620370484068
3.455044883743163   2.914581243704502   4.645761658949791
3.4566160728667388   2.941456696287587   4.6856245929579945
3.458187261990315   2.968390752261766   4.725210700622654
3.4597584511138906   2.9953815282235694   4.764521474209809
3.4613296402374663   3.0224271161495917   4.803558370757738
3.462900829361042   3.049525583314593   4.842322812680901
3.464472018484618   3.0766749722141   4.880816188358848
3.4660432076081937   3.1038733004911236   4.9190398527098
3.4676143967317694   3.1311185608673893   4.956995127749776
3.469185585855345   3.1584087210789704   4.994683303137377
3.470756774978921   3.185741723816658   5.032105636704959
3.472327964102497   3.2131154866707785   5.06926335497604
3.4738991532260726   3.2405279020810824   5.106157653670032
3.4754703423496482   3.2679768372913407   5.142789698194022
3.4770415314732244   3.2954601343089207   5.179160624122181
3.4786127205968   3.322975609869394   5.215271537663093
3.4801839097203757   3.3505210554065408   5.251123516115648
3.4817550988439514   3.37809423702727   5.286717608313062
3.4833262879675275   3.4056928954922445   5.32205483505623
3.484897477091103   3.433314746201626   5.357136189535811
3.486468666214679   3.4609574791867566   5.391962637744236
3.488039855338255   3.4886187591070787   5.4265351188769255
3.4896110444618307   3.5162962252531518   5.460854545723903
3.4911822335854064   3.5439874915553484   5.49492180505143
3.492753422708982   3.5716901465985136   5.528737757974134
3.494324611832558   3.599401753642708   5.562303240317893
3.495895800956134   3.627119850650017   5.5956190629735625
3.4974669900797095   3.6548419503177687   5.628686012242053
3.499038179203285   3.6825655401178605   5.661504850170514
3.5006093683268613   3.7102880823427578   5.694076314880366
3.502180557450437   3.738007014157805   5.726401120886841
3.5037517465740127   3.765719747660353   5.758479959410719
3.5053229356975883   3.793423669945565   5.790313498682149
3.5068941248211645   3.8211161431789984   5.821902384236754
3.50846531394474   3.8487945046760945   5.853247239204231
3.510036503068316   3.8764560669889168   5.884348664589879
3.5116076921918915   3.9040981179996828   5.915207239548622
3.5131788813154676   3.931717921021728   5.945823521652268
3.5147500704390433   3.95931271490774   5.976198047149893
3.516321259562619   3.9868797141653722   6.006331331221491
3.5178924486861947   4.014416109080417   6.036223868225155
3.519463637809771   4.041919065847514   6.065876131937767
3.5210348269333465   4.069385726708504   6.095288575789376
3.522606016056922   4.096813210098767   6.124461633091661
3.524177205180498   4.1241986108012245   6.153395717260121
3.525748394304074   4.151539000108446   6.18209122203055
3.5273195834276496   4.178831425992732   6.210548521669623
3.5288907725512253   4.2060729132843875   6.238767971179877
3.530461961674801   4.2332604638582865   6.266749906499198
3.532033150798377   4.260391056828647   6.294494644694733
3.5336043399219528   4.287461648752314   6.322002484151562
3.5351755290455285   4.314469173840565   6.349273704756153
3.536746718169104   4.34141054417942   6.37630856807459
3.5383179072926803   4.368282649958659   6.403107317525775
3.539889096416256   4.395082359709662   6.429670178549759
3.5414602855398316   4.421806520551985   6.455997358771076
3.5430314746634073   4.448451958448931   6.482089048157384
3.5446026637869834   4.4750154784721365   6.507945419173397
3.546173852910559   4.501493865075125   6.533566626930096
3.5477450420341348   4.527883882376098   6.558952809329468
3.5493162311577104   4.554182274450057   6.584104087204857
3.5508874202812866   4.580385765629995   6.609020564456677
3.5524586094048622   4.606491060817662   6.633702328183999
3.554029798528438   4.632494845803707   6.658149448811761
3.5556009876520136   4.658393787597326   6.682361980213787
3.5571721767755897   4.68418453476553   6.706339959831668
3.5587433658991654   4.7098637177820155   6.730083408789527
3.560314555022741   4.735427949385802   6.753592332004774
3.5618857441463168   4.760873824949637   6.776866718294897
3.563456933269893   4.7861979228581735   6.799906540480246
3.5650281223934686   4.811396804896105   6.822711755483005
3.5665993115170442   4.836467016646222   6.845282304422312
3.56817050064062   4.8614050878975075   6.867618112705607
3.569741689764196   4.886207533063201   6.889719090116184
3.5713128788877717   4.9108708516090624   6.911585130897104
3.5728840680113474   4.935391528491713   6.933216113831408
3.574455257134923   4.959766034607155   6.954611902318666
3.576026446258499   4.983990827249661   6.975772344448076
3.577597635382075   5.008062350580667   6.996697273067765
3.5791688245056505   5.031977036108351   7.017386505850888
3.5807400136292262   5.055731303177121   7.037839845357876
3.5823112027528023   5.079321559467895   7.0580570790955575
3.583882391876378   5.102744201508397   7.07803797957253
3.5854535809999537   5.125995615194187   7.097782304351373
3.5870247701235294   5.149072176319987   7.117289796097341
3.5885959592471055   5.171970251121487   7.136560182623702
3.590167148370681   5.194686196827617   7.155593176933712
3.591738337494257   5.217216362223402   7.174388477259334
3.5933095266178325   5.239557088223234   7.192945767096565
3.5948807157414087   5.261704708454708   7.211264715237517
3.5964519048649843   5.283655549852929   7.229344975799168
3.59802309398856   5.3054059332653685   7.247186188248871
3.5995942831121357   5.326952174067238   7.264787977426611
3.601165472235712   5.348290582787335   7.282149953563982
3.6027366613592875   5.3694174657444265   7.299271712299948
3.604307850482863   5.390329125694043   7.316152834693318
3.605879039606439   5.411021862485822   7.3327928872320545
3.607450228730015   5.431491973731236   7.3491914218393015
3.6090214178535907   5.451735755481719   7.365347975876181
3.6105926069771663   5.471749502917253   7.381262072141407
3.612163796100742   5.491529511045217   7.396933218867612
3.613734985224318   5.5110720754095945   7.412360909714457
3.615306174347894   5.530373492810446   7.4275446237585125
3.6168773634714695   5.549430062033644   7.442483825479922
3.618448552595045   5.56823808459069   7.457177964745717
3.6200197417186213   5.5867938654687554   7.471626476789986
3.621590930842197   5.6050937138906995   7.485828782190667
3.6231621199657726   5.623133944085183   7.499784286843154
3.6247333090893488   5.640910876066571   7.513492381930483
3.6263044982129244   5.65842083642487   7.526952443890336
3.6278756873365   5.675660159125295   7.540163834378594
3.629446876460076   5.692625186317664   7.553125900229648
3.631018065583652   5.7093122691552525   7.565837973413191
3.6325892547072276   5.725717768623346   7.578299370987783
3.6341604438308033   5.741838056377147   7.59050939505091
3.635731632954379   5.757669515588921   7.602467332685556
3.637302822077955   5.773208541804554   7.614172455903422
3.6388740112015308   5.788451543809042   7.625624021584536
3.6404452003251064   5.8033949445011   7.636821271413403
3.642016389448682   5.818035181776599   7.6477634318115655
3.6435875785722582   5.832368709420758   7.658449713866565
3.645158767695834   5.846391998008956   7.668879313257282
3.6467299568194096   5.860101535816041   7.679051410175592
3.6483011459429853   5.873493829734007   7.688965169244347
3.6498723350665614   5.886565406197819   7.698619739431566
3.651443524190137   5.899312812119292   7.708014253960819
3.6530147133137127   5.911732615828914   7.7171478302178365
3.6545859024372884   5.923821408025377   7.726019569653192
3.6561570915608645   5.935575802732616   7.734628557681015
3.6577282806844402   5.9469924382642745   7.742973863573753
3.659299469808016   5.958067978195415   7.751054540352903
3.6608706589315916   5.968799112341207   7.758869624675611
3.6624418480551677   5.979182557742449   7.766418136717118
3.6640130371787434   5.989215059657749   7.773699080048997
3.665584226302319   5.998893392562166   7.780711441513121
3.6671554154258947   6.00821436115201   7.7874541910912365
3.668726604549471   6.017174801355751   7.793926281770171
3.6702977936730465   6.025771581350684   7.80012664940254
3.671868982796622   6.034001602585154   7.806054212562867
3.673440171920198   6.041861800806195   7.811707872399113
3.675011361043774   6.049349147092193   7.817086512479436
3.6765825501673497   6.056460648890513   7.82218899863421
3.6781537392909254   6.063193351059725   7.827014178793145
3.679724928414501   6.069544336916158   7.831560882817409
3.681296117538077   6.075510729284643   7.835827922326741
3.682867306661653   6.0810896915530295   7.839814090521351
3.6844384957852285   6.08627842873041   7.84351816199866
3.686009684908804   6.091074188508502   7.846938892564593
3.6875808740323803   6.095474262326185   7.850075019039485
3.689152063155956   6.099475986436687   7.8529252590584
3.6907232522795317   6.103076742977301   7.855488310865795
3.6922944414031074   6.106273961041208   7.857762853104394
3.6938656305266835   6.10906511775112   7.8597475445981315
3.695436819650259   6.111447739334532   7.8614410241291175
3.697008008773835   6.113419402200158   7.862841910208428
3.6985791978974105   6.114977734015263   7.863948800840599
3.7001503870209866   6.116120414783592   7.864760273281728
3.7017215761445623   6.116845177923516   7.86527488379099
3.703292765268138   6.117149811346135   7.865491167375492
3.7048639543917137   6.117032158532907   7.865407637528241
3.70643514351529   6.116490119612485   7.86502278595912
3.7080063326388655   6.115521652436466   7.864335082318709
3.709577521762441   6.114124773653596   7.863342973914768
3.711148710886017   6.112297559782147   7.862044885421234
3.712719900009593   6.110038148280039   7.86043921857953
3.7142910891331686   6.10734473861239   7.8585243518920365
3.7158622782567443   6.104215593316067   7.856298640307523
3.71743346738032   6.100649039060862   7.853760414898333
3.719004656503896   6.096643467706913   7.85090798252914
3.720575845627472   6.0921973373580025   7.847739625517084
3.7221470347510475   6.087309173410247   7.844253601283004
3.723718223874623   6.081977569595903   7.840448141993673
3.7252894129981993   6.076201189021747   7.836321454194662
3.726860602121775   6.069978765201709   7.831871718433701
3.7284317912453506   6.063309103083299   7.8270970888742495
3.7300029803689263   6.05619108006745   7.821995692899066
3.7315741694925024   6.048623647021239   7.816565630703417
3.733145358616078   6.0406058292832325   7.810804974877805
3.734716547739654   6.032136727660832   7.8047117699797965
3.7362877368632295   6.023215519419345   7.798284032094766
3.7378589259868056   6.013841459262193   7.791519748385175
3.7394301151103813   6.004013880301971   7.784416876628182
3.741001304233957   5.993732195021712   7.776973344741115
3.7425724933575326   5.982995896226101   7.769187050294648
3.7441436824811087   5.9718045579820425   7.761055860013216
3.7457148716046844   5.960157836548199   7.752577609262373
3.74728606072826   5.948055471292965   7.743750101522693
3.7488572498518358   5.9354972856005   7.734571107849893
3.750428438975412   5.922483187764269   7.7250383663207165
3.7519996280989876   5.909013171867684   7.715149581464239
3.7535708172225632   5.895087318651315   7.704902423678116
3.7551420063461394   5.880705796366225   7.69429452862939
3.756713195469715   5.86586886161299   7.683323496639406
3.7582843845932907   5.850576860165798   7.671986892052292
3.7598555737168664   5.8348302277813   7.660282242586645
3.7614267628404425   5.818629490991606   7.648207038669819
3.762997951964018   5.801975267881043   7.63575873275438
3.764569141087594   5.784868268846056   7.622934738616096
3.7661403302111696   5.767309297337901   7.609732430633006
3.7677115193347457   5.74929925058755   7.596149143044918
3.7692827084583214   5.7308391203124   7.582182169192807
3.770853897581897   5.711929993404133   7.567828760737383
3.7724250867054727   5.6925730525974725   7.553086126856323
3.773996275829049   5.672769577119118   7.537951433419386
3.7755674649526245   5.652520943316559   7.522421802140816
3.7771386540762   5.631828625266073   7.506494309708173
3.778709843199776   5.610694195359631   7.490165986887042
3.780281032323352   5.589119324870058   7.4734338176006565
3.7818522214469277   5.567105784494061   7.456294737983773
3.7834234105705034   5.544655444872529   7.438745635409846
3.784994599694079   5.521770277087765   7.420783347490744
3.786565788817655   5.498452353137028   7.402404661048027
3.788136977941231   5.474703846381987   7.383606311054884
3.7897081670648065   5.450527031973536   7.364384979547732
3.791279356188382   5.4259242872515925   7.344737294506501
3.7928505453119583   5.400898092119264   7.324659828702499
3.794421734435534   5.375451029391093   7.3041490985128545
3.7959929235591097   5.349585785114674   7.283201562700245
3.7975641126826853   5.323305148865407   7.261813621156891
3.7991353018062615   5.296612014013757   7.239981613611464
3.800706490929837   5.269509377964693   7.2177018182977095
3.802277680053413   5.242000342368673   7.194970450583335
3.8038488691769885   5.214088113303938   7.171783661557908
3.8054200583005646   5.18577600142949   7.1481375365782025
3.8069912474241403   5.1570674221084305   7.124028093769556
3.808562436547716   5.127965895501111   7.099451282481574
3.8101336256712917   5.098475046627786   7.074402981696656
3.811704814794868   5.068598605400243   7.048878998389517
3.8132760039184435   5.038340406622084   7.022875065836034
3.814847193042019   5.0077043899570794   6.996386841869385
3.816418382165595   4.976694599865411   6.96940990708174
3.817989571289171   4.945315185507213   6.941939762969315
3.8195607604127466   4.913570400613159   6.913971830018766
3.8211319495363223   4.881464603321542   6.885501445732619
3.822703138659898   4.849002255981672   6.856523862591535
3.824274327783474   4.816187924923038   6.827034245950886
3.8258455169070498   4.783026280190025   6.79702767186923
3.8274167060306254   4.749522095241663   6.766499124865898
3.828987895154201   4.715680246616241   6.735443495605097
3.8305590842777772   4.681505713560312   6.703855578503518
3.832130273401353   4.647003577621872   6.671730069258521
3.8337014625249286   4.612179022207237   6.6390615622936
3.8352726516485043   4.577037332101536   6.605844548118015
3.8368438407720804   4.541583892952293   6.572073410596923
3.838415029895656   4.505824190716019   6.537742424128567
3.8399862190192318   4.469763811067321   6.502845750724497
3.8415574081428074   4.433408438770481   6.467377436989076
3.8431285972663836   4.396763857013083   6.4313314109938835
3.8446997863899592   4.359835946701589   6.394701479042807
3.846270975513535   4.322630685718443   6.357481322323003
3.8478421646371106   4.285154148140724   6.319664493437144
3.8494133537606867   4.24741250341993   6.281244412811667
3.8509845428842624   4.20941201552289   6.242214364975879
3.852555732007838   4.171159042033388   6.20256749470609
3.8541269211314138   4.132660033214615   6.162296803029163
3.85569811025499   4.093921531032064   6.121395143079069
3.8572692993785656   4.054950168136908   6.079855215800127
3.8588404885021412   4.015752666809524   6.037669565489837
3.860411677625717   3.976335837863318   5.994830575174409
3.861982866749293   3.93670657950854   5.951330461809144
3.8635540558728687   3.896871876176152   5.907161271295855
3.8651252449964444   3.8568387973015286   5.862314873308697
3.86669643412002   3.8166144960681647   5.81678295591982
3.868267623243596   3.776206208111117   5.770557020015166
3.869838812367172   3.7356212501804125   5.723628373490863
3.8714100014907475   3.6948670187641186   5.67598812521939
3.872981190614323   3.6539509886714217   5.627627178774921
3.8745523797378993   3.612880711575497   5.578536225905917
3.876123568861475   3.5716638145163997   5.528705739742871
3.8776947579850507   3.5303079983638326   5.478125967727987
3.8792659471086264   3.4888210362401324   5.426786924253328
3.8808371362322025   3.4472107719033596   5.374678382992637
3.882408325355778   3.405485118090808   5.321789868911667
3.883979514479354   3.363652054822818   5.268110649940398
3.8855507036029295   3.3217196276673335   5.213629728290183
3.8871218927265057   3.2796959459651913   5.158335831397301
3.8886930818500813   3.2375891810164505   5.102217402473569
3.890264270973657   3.195407564227784   5.04526259064317
3.891835460097233   3.1531593852214805   4.987459240644181
3.893406649220809   3.1108529899060313   4.928794882071159
3.8949778383443845   3.0684967785086728   4.869256718134177
3.89654902746796   3.0260992035702126   4.808831613908044
3.8981202165915363   2.983668767902395   4.747506084043633
3.899691405715112   2.9412140225082304   4.685266279911628
3.9012625948386876   2.8987435644654154   4.622097976146629
3.9028337839622633   2.8562660347735496   4.557986556558217
3.9044049730858394   2.813790116165223   4.492916999372428
3.905976162209415   2.7713245308816448   4.4268738617654835
3.907547351332991   2.72887803841302   4.359841263648291
3.9091185404565665   2.686459433204282   4.291802870657972
3.9106897295801426   2.644077542326648   4.222741876309424
3.9122609187037183   2.6017412231154187   4.152640983256498
3.913832107827294   2.5594593607745235   4.08148238360892
3.9154032969508696   2.5172408659485126   4.009247738247569
3.9169744860744458   2.4750946722623333   3.9359181550758864
3.9185456751980214   2.433029733829684   3.8614741661414804
3.920116864321597   2.3910550227303076   3.7858957035562724
3.921688053445173   2.349179526457102   3.7091620741391584
3.923259242568749   2.307412245333477   3.6312519326985395
3.9248304316923246   2.2657621899018117   3.552143253866589
3.9264016208159003   2.2242383782834336   3.4718133023894744
3.927972809939476   2.182849833511149   3.390238601771452
3.929543999063052   2.1416055808347845   3.307394901161599
3.9311151881866278   2.10051464500066   3.2232571403639754
3.9326863773102034   2.0595860475055976   3.13779941284176
3.934257566433779   2.0188288038264366   3.0509949265761014
3.9358287555573552   1.9782519206257223   2.9628159626283117
3.937399944680931   1.9378643929345132   2.873233831241975
3.9389711338045066   1.8976752013129832   2.7822188253071767
3.9405423229280823   1.8576933089899057   2.6897401709947606
3.9421135120516584   1.8179276589817537   2.595765975351148
3.943684701175234   1.7783871711924322   2.5002631706265372
3.9452558902988097   1.7390807394944126   2.4031974550885975
3.9468270794223854   1.7000172287924318   2.3045332300524923
3.9483982685459615   1.661205472070574   2.204233532832739
3.949969457669537   1.622654267423821   2.1022599652959926
3.951540646793113   1.5843723750749097   1.9985726176632548
3.9531118359166886   1.5463685143777877   1.893129987177998
3.9546830250402647   1.508651360808464   1.7858888912186308
3.9562542141638404   1.4712295429445221   1.676804374394084
3.957825403287416   1.434111639434158   1.5658296091147348
3.9593965924109917   1.3973061759560637   1.4529157890815356
3.960967781534568   1.3608216221711478   1.338012015078792
3.9625389706581435   1.3246663886672598   1.2210651723934294
3.964110159781719   1.288848823898026   1.102019799112772
3.965681348905295   1.2533772111170693   0.9808179444742365
3.967252538028871   1.2182597653086868   0.8573990163508491
3.9688237271524467   1.1835046301162948   0.7316996168573258
3.9703949162760224   1.1491198747696967   0.603653364948007
3.971966105399598   1.1151134910125973   0.47319070475215164
3.973537294523174   1.081493390031475   0.3402386982473449
3.97510848364675   1.0482673993871534   0.20472080070983126
3.9766796727703255   1.0154432599502219   0.06655661719507057
3.978250861893901   0.9830286228417731   -0.07433836190707152
3.9798220510174773   0.9510310463806239   -0.2180530484388428
3.981393240141053   0.9194579930383823   -0.36468106963207936
3.9829644292646287   0.8883168264036452   -0.514321109639539
3.9845356183882044   0.8576148081567384   -0.6670772825820417
3.9861068075117805   0.8273590950562755   -0.8230595406676708
3.987677996635356   0.7975567359389599   -0.9823841214157141
3.989249185758932   0.7682146687338942   -1.1451740385705578
3.9908203748825075   0.7393397174928917   -1.3115596219292174
3.9923915640060836   0.7109385894381186   -1.481679112050769
3.9939627531296593   0.683017872028473   -1.6556793166827597
3.995533942253235   0.6555840300460603   -1.8337163367542892
3.9971051313768107   0.6286434027042669   -2.015956370974585
3.998676320500387   0.602202200778749   -2.2025766094778128
4.0002475096239625   0.5762665037628674   -2.3937662286079493
4.001818698747538   0.5508422570488389   -2.589727500900376
4.003389887871114   0.5259352691362192   -2.790677036647492
4.0049610769946895   0.5015512088690144   -2.996847176224267
4.006532266118265   0.47769560270293115   -3.208487555689457
4.008103455241842   0.45437383200415626   -3.425866872202843
4.009674644365417   0.43159113038122104   -3.6492748806644397
4.011245833488993   0.4093525810511787   -3.87902465889929
4.012817022612569   0.38766311424179106   -4.115455185929971
4.0143882117361445   0.36652750463100386   -4.358934286748715
4.01595940085972   0.3459503688252174   -4.609862007940749
4.017530589983296   0.32593616287777133   -4.868674502092344
4.0191017791068715   0.3064891798491033   -5.1358485158753995
4.020672968230448   0.287613547409991   -5.411906598012942
4.022244157354024   0.2693132254893908   -5.697423170292584
4.023815346477599   0.2515920039681173   -5.993031639159501
4.025386535601175   0.23445350042003804   -6.299432769535118
4.026957724724751   0.2179011579019892   -6.617404599630121
4.0285289138483265   0.2019382427939346   -6.947814250096503
4.030100102971902   0.18656784269072207   -7.291632079159886
4.031671292095479   0.17179286434684007   -7.649948766214169
4.033242481219054   0.15761603167560853   -8.023996082398499
4.03481367034263   0.1440398838040355   -8.415172346278261
4.036384859466206   0.1310667731848877   -8.825073892939162
4.037956048589781   0.11869886376718544   -9.255534346065264
4.039527237713357   0.10693812922652011   -9.708674136469718
4.041098426836933   0.0957863512564837   -10.186963652631274
4.0426696159605084   0.08524511792256413   -10.693304790297152
4.044240805084085   0.07531582207974508   -11.231137734100008
4.045811994207661   0.0659996598551516   -11.804582961113837
4.047383183331236   0.05729762919690836   -12.418633398770961
4.048954372454812   0.049210528490560596   -13.079419620622094
4.050525561578388   0.0417389552442055   -13.794584154298775
4.052096750701963   0.03488330484356461   -14.573823642903342
4.053667939825539   0.028643769378170713   -15.42969816438886
4.055239128949115   0.023020336539848904   -16.378883127384128
4.056810318072691   0.018012788594603556   -17.444190238974656
4.058381507196267   0.013620701429066342   -18.658004949782118
4.059952696319843   0.009843443672539864   -20.06852895421748
4.061523885443418   0.00668017589577657   -21.75212036949239
4.063095074566994   0.004129849887476057   -23.84065628710526
4.06466626369057   0.002191208009548929   -26.593161950707525
4.066237452814145   0.0008627826321216842   -30.640981024970078
4.067808641937721   0.00014289564925308067   -38.44977954749678
4.069379831061298   2.965807628548018e-05   -45.27842378943704
4.070951020184873   0.0005209697297386879   -32.83186676451087
4.072522209308449   0.0016145189906156693   -27.91956573279011
4.074093398432025   0.0033077826519619003   -24.80462903542638
4.0756645875556   0.0055980258514859915   -22.519650227286938
4.077235776679176   0.008482302090015475   -20.714862133701196
4.078806965802752   0.01195745333653267   -19.223612689489734
4.080378154926327   0.016020110220494495   -17.953344731282254
4.081949344049904   0.0206666923121146   -16.847290052876886
4.08352053317348   0.02589340849122349   -15.868107604676489
4.085091722297055   0.031696257405348274   -14.989920011833869
4.086662911420631   0.038071028017524836   -14.194053845307021
4.088234100544207   0.04501330024439823   -13.466591350364034
4.089805289667782   0.05251844568508499   -12.796881273287932
4.091376478791358   0.060581628441244095   -12.176590497911457
4.092947667914934   0.06919780602876999   -11.599076686992444
4.09451885703851   0.07836173038145584   -11.058959769510961
4.096090046162086   0.08806794894694668   -10.551821130821402
4.097661235285662   0.09831080587531942   -10.073987394583241
4.099232424409237   0.10908444330043308   -9.622371764158235
4.100803613532813   0.12038280271432474   -9.194355461791922
4.102374802656389   0.132199626434762   -8.787697687781774
4.103945991779964   0.14452845916606435   -8.40046624353542
4.10551718090354   0.15736264965327346   -8.030983376693323
4.107088370027117   0.1706953524296644   -7.6777830083794605
4.108659559150692   0.18451952965754306   -7.33957658730465
4.110230748274268   0.19882795306237197   -7.015225563493331
4.111801937397844   0.21361320595992248   -6.703718998995489
4.113373126521419   0.2288676853764295   -6.404155206459379
4.114944315644995   0.24458360426144998   -6.115726576150039
4.116515504768571   0.26075299379320327   -5.837706949256169
4.118086693892146   0.2773677057760344   -5.569441041328627
4.119657883015723   0.29441941512968633   -5.310335528945496
4.121229072139299   0.3118996224698794   -5.059851495296543
4.122800261262874   0.3297996567799046   -4.817497993415186
4.12437145038645   0.3481106781724827   -4.582826534334936
4.125942639510026   0.36682368074153454   -4.355426345132657
4.127513828633601   0.3859294955031215   -4.134920271321806
4.129085017757177   0.405418793424955   -3.9209612213079725
4.130656206880753   0.42528208854372923   -3.7132290690769225
4.132227396004329   0.44550974116953274   -3.511427946030678
4.133798585127905   0.4660919611764714   -3.3152838647420335
4.135369774251481   0.48701881137875297   -3.124542626981257
4.136940963375056   0.5082802109911584   -2.938967976164583
4.138512152498632   0.5298659391730474   -2.7583399607409325
4.140083341622208   0.5517656386548251   -2.5824534802670303
4.141654530745783   0.5739688194458191   -2.4111169902383365
4.143225719869359   0.5964648626224305   -2.2441513453234143
4.1447969089929355   0.6192430241954068   -2.081388763629672
4.146368098116511   0.6422924390549261   -1.9226718971211958
4.147939287240087   0.6656021249924244   -1.7678529953989268
4.1495104763636625   0.6891609867975637   -1.6167931518191205
4.151081665487238   0.7129578204291921   -1.469361622412476
4.152652854610814   0.7369813172587385   -1.3254352093331536
4.15422404373439   0.7612200683846343   -1.184897701641778
4.155795232857965   0.785662569016219   -1.047639367146287
4.157366421981542   0.8102972229255464   -0.9135564898117718
4.1589376111051175   0.8351123469654192   -0.7825509479271177
4.160508800228693   0.8600961756521764   -0.6545298287978116
4.162079989352269   0.8852368658112397   -0.5294050762403649
4.1636511784758445   0.9105225012838444   -0.4070931675874314
4.16522236759942   0.9359410976931031   -0.28751481729278106
4.166793556722996   0.9614806072675011   -0.17059470455501868
4.1683647458465725   0.9871289237199913   -0.05626122266613274
4.169935934970148   1.0128738871805882   0.055553751956334024
4.171507124093724   1.038703289180773   0.1649150728761466
4.1730783132172995   1.0646048776872736   0.27188452051001594
4.174649502340875   1.0905663621834591   0.3765209842223565
4.176220691464451   1.116575418796078   0.4788806309489932
4.1777918805880265   1.142619695465207   0.5790170615234798
4.179363069711602   1.168686817155212   0.6769814557618419
4.180934258835179   1.194764391104487   0.7728227072571742
4.1825054479587545   1.2208400121115934   0.8665875487423236
4.18407663708233   1.24690126785572   0.9583206687975412
4.185647826205906   1.2729357442487845   1.0480648206042829
4.1872190153294815   1.298931030817017   1.1358609233826042
4.188790204453057   1.3248747261095142   1.221748157089598
4.190361393576633   1.3507544431312986   1.3057640509039294
4.1919325827002085   1.3765578147984   1.3879445659742784
4.193503771823785   1.4022724994124407   1.4683241728670002
4.195074960947361   1.427886186152074   1.5469359241097658
4.196646150070936   1.4533866005789122   1.6238115221945
4.198217339194512   1.4787615101550318   1.6989813833701994
4.199788528318088   1.5039987297696282   1.7724746975297765
4.2013597174416635   1.5290861272720655   1.8443194844686843
4.202930906565239   1.554011629008637   1.914542646770419
4.204502095688815   1.5787632253603234   1.9831700195530664
4.206073284812391   1.6033289762788114   2.0502264172921407
4.207644473935967   1.627697016817936   2.115735677917522
4.209215663059543   1.6518555626579736   2.179720704367386
4.210786852183118   1.6757929156196987   2.2422035037664085
4.212358041306694   1.699497469165615   2.3032052243838934
4.21392923043027   1.7229577138854308   2.362746190514698
4.2155004195538455   1.7461622429629435   2.420845935415262
4.217071608677421   1.7690997576215082   2.4775232324171514
4.218642797800998   1.7917590725451926   2.5327961243312576
4.220213986924573   1.8141291212726958   2.586681951247416
4.221785176048149   1.8361989615613281   2.6391973768270964
4.223356365171725   1.857957780717907   2.690358413178698
4.2249275542953   1.8793949008938626   2.7401804443996074
4.226498743418876   1.9004997843415887   2.788678248862582
4.228069932542452   1.9212620386291483   2.83586602031872
4.2296411216660275   1.9416714218104263   2.8817573878841656
4.231212310789604   1.9617178475478612   2.92636543497313
4.23278349991318   1.9813913901847995   2.9697027172352515
4.234354689036755   2.000682289764713   3.011781279551782
4.235925878160331   2.019580956994257   3.0526126721407785
4.237497067283907   2.038077978147372   3.0922079658185266
4.239068256407482   2.056164119907572   3.130577766461113
4.240639445531058   2.0738303341455633   3.1677322287070653
4.242210634654634   2.0910677626293497   3.2036810689392614
4.24378182377821   2.1078677416640255   3.2384335775818003
4.245353012901786   2.1242218066584093   3.27199863074505
4.246924202025362   2.140121696615866   3.3043847012502088
4.248495391148937   2.155559358546376   3.3355998690620443
4.250066580272513   2.170526951797262   3.3656518311572103
4.251637769396089   2.185016852299796   3.394547910853313
4.253208958519664   2.199021656729023   3.4222950666223966
4.25478014764324   2.212534186574135   3.448899900410884
4.256351336766817   2.225547492116793   3.474368665486563
4.257922525890392   2.2380548563147302   3.4987072738317004
4.259493715013968   2.25004979858822   3.5219213031003993
4.261064904137544   2.2615260785067126   3.5440160031565404
4.262636093261119   2.2724776993732725   3.5649963022080233
4.264207282384695   2.2828989117043217   3.5848668125515992
4.265778471508271   2.2927842166022874   3.6036318359416764
4.267349660631846   2.3021283690187873   3.621295368595466
4.268920849755423   2.310926380906038   3.637861105845927
4.270492038878999   2.3191735242541704   3.6533324464529797
4.272063228002574   2.3268653340123193   3.667712496582893
4.27363441712615   2.3339976108911764   3.681004073464487
4.275205606249726   2.340566424044983   3.6932097087304876
4.276776795373301   2.3465681136308265   3.704331651451298
4.278347984496877   2.3519992932432605   3.7143718708679496
4.279919173620453   2.3568568522222266   3.723332058830111
4.281490362744029   2.3611379578324314   3.7312136319445854
4.283061551867605   2.364840057312267   3.7380177334388653
4.284632740991181   2.3679608797905334   3.743745234743872
4.286203930114756   2.3704984380691982   3.7483967367992506
4.287775119238332   2.3724510302705455   3.7519725710840666
4.289346308361908   2.3738172413471017   3.754472800375146
4.290917497485483   2.3745959444528197   3.755897219234713
4.29248868660906   2.3747863021740336   3.7562453542283913
4.294059875732636   2.374387767618792   3.755516463874073
4.295631064856211   2.3734000853632504   3.7537095383216053
4.297202253979787   2.3718232922538545   3.7508232987626435
4.298773443103363   2.36965771806413   3.7468561965694573
4.300344632226938   2.366903986004978   3.7418064121609103
4.301915821350514   2.3635630130874272   3.735671853593229
4.30348701047409   2.3596360103369034   3.728450154872618
4.305058199597666   2.355124482858104   3.7201386739860998
4.306629388721242   2.3500302297497235   3.7107344906464794
4.308200577844818   2.344355343868241   3.7002344037464985
4.309771766968393   2.3381022114401957   3.6886349285168185
4.311342956091969   2.3312735115223404   3.6759322933816274
4.312914145215545   2.3238722153092173   3.66212243650505
4.31448533433912   2.31590158528776   3.64720100202082
4.316056523462696   2.3073651742385923   3.631163335936881
4.3176277125862725   2.298266824083829   3.61400448170587
4.319198901709848   2.2886106645812263   3.595719175451583
4.320770090833424   2.2784011118645924   3.576301840840594
4.322341279957   2.2676428668305535   3.555746583587489
4.323912469080575   2.256340913371757   3.5340471855810582
4.325483658204151   2.2445005164567267   3.5111970986178624
4.327054847327727   2.232127220056666   3.4871894377285444
4.328626036451302   2.219226844919609   3.4620169740811555
4.330197225574879   2.2058054861923666   3.4356721274445357
4.3317684146984545   2.191869510890899   3.4081469581936963
4.33333960382203   2.1774255552196418   3.3794331588374775
4.334910792945606   2.1624805217406844   3.3495220450478835
4.336481982069182   2.1470415763935344   3.3184045461684852
4.338053171192757   2.131116145366426   3.2860711951779824
4.339624360316333   2.114711911820179   3.2525121180831813
4.341195549439909   2.097836812465742   3.217717022713928
4.342766738563485   2.080499033996564   3.1816751868904087
4.344337927687061   2.06270700937718   3.144375445931445
4.3459091168106365   2.0444694139892174   3.10580617946962
4.347480305934212   2.025795161636497   3.0659552975374478
4.349051495057788   2.006693400410631   3.0248102258854495
4.3506226841813636   1.9871735084188278   2.9823578904906842
4.352193873304939   1.9672450893756215   2.938584701211125
4.353765062428515   1.9469179680603563   2.893476534538059
4.3553362515520915   1.9262021856423202   2.847018715395212
4.356907440675667   1.9051079948755822   2.799195997929656
4.358478629799243   1.8836458551654665   2.7499925452350467
4.3600498189228185   1.8618264275090408   2.699391907944169
4.361621008046394   1.839660569311706   2.6473770016221323
4.36319219716997   1.8171593290823067   2.5939300828869936
4.3647633862935455   1.7943339410091383   2.539032724178712
4.366334575417121   1.771195819419388   2.4826657870914053
4.367905764540698   1.7477565531245562   2.424809394177192
4.3694769536642735   1.724027899654611   2.365442899122964
4.371048142787849   1.700021779383416   2.3045448551929564
4.372619331911425   1.6757502695485034   2.2420929818225654
4.3741905210350005   1.6512255981679125   2.1780641292385345
4.375761710158576   1.6264601378571255   2.1124342409710692
4.377332899282152   1.6014663995491258   2.04517831411216
4.3789040884057275   1.576257026120722   1.9762703571623752
4.380475277529304   1.5508447859282688   1.9056833452948938
4.38204646665288   1.5252425662561704   1.8333891728514575
4.3836176557764555   1.4994633666812276   1.759358602867871
4.385188844900031   1.4735202923565511   1.6835612134107172
4.386760034023607   1.4474265472182375   1.605965340485997
4.3883312231471825   1.421195427118439   1.5265380172601009
4.389902412270758   1.394840312888364   1.4452449093095876
4.391473601394334   1.368374663334862   1.362050245590447
4.39304479051791   1.3418120081742613   1.2769167447886862
4.394615979641486   1.3151659409072847   1.1898055366826163
4.396187168765062   1.2884501116386335   1.1006760781110616
4.3977583578886374   1.2616782198453838   1.0094860631041846
4.399329547012213   1.2348640070978545   0.9161913266884537
4.400900736135789   1.2080212497370024   0.8207457418299389
4.4024719252593645   1.1811637515123017   0.7231011089257198
4.40404311438294   1.1543053361841382   0.6232070371929842
4.405614303506517   1.1274598400947917   0.5210108172379982
4.407185492630092   1.100641104712173   0.4164572840118505
4.408756681753668   1.0738629691502717   0.3094886692741979
4.410327870877244   1.0471392626707476   0.20004444259272128
4.411899060000819   1.0204837971696858   0.08806113979714321
4.413470249124395   0.9939103596538057   -0.02652782231334063
4.415041438247971   0.9674327047103961   -0.14379234634709154
4.4166126273715465   0.9410645469752351   -0.26380587127419575
4.418183816495123   0.914819553602795   -0.3866456076257341
4.419755005618699   0.888711336743138   -0.5123927928050542
4.421326194742274   0.8627534460296089   -0.6411329686064536
4.42289738386585   0.8369593610819789   -0.7729562832933047
4.424468572989426   0.8113424840291633   -0.9079578208866081
4.426039762113001   0.7859161320559753   -1.0462379606532992
4.427610951236577   0.7606935299782649   -1.1879027701747826
4.429182140360154   0.7356878028507965   -1.333064435826247
4.430753329483729   0.7109119686123276   -1.4818417350165138
4.432324518607305   0.6863789307720282   -1.634360555142109
4.433895707730881   0.6621014711418974   -1.79075446490542
4.435466896854456   0.638092242619308   -1.9511653444641812
4.437038085978032   0.614363762024087   -2.115744081829136
4.438609275101608   0.5909284029944718   -2.2846513440417167
4.440180464225183   0.5677983889462237   -2.4580584329741417
4.44175165334876   0.5449857860991655   -2.636148237139855
4.443322842472336   0.5225024965755036   -2.819116292730482
4.444894031595911   0.5003602515739654   -3.0071719692707513
4.446465220719487   0.4785706046242067   -3.2005397978702725
4.448036409843063   0.4571449249254886   -3.399460963156206
4.449607598966638   0.43609439077382806   -3.604194983697766
4.451178788090214   0.41542998308172263   -3.8150216102361934
4.45274997721379   0.39516247899450363   -4.032242976494452
4.454321166337366   0.37530244560733417   -4.256186043995975
4.455892355460942   0.35586023378689374   -4.487205390472527
4.457463544584518   0.33684597210150746   -4.7256864014816795
4.459034733708093   0.3182695608638219   -4.97204893727961
4.460605922831669   0.30014066628968245   -5.226751562481594
4.462177111955245   0.2824687147770463   -5.4902964454453285
4.46374830107882   0.26526288730863057   -5.763235058796328
4.465319490202396   0.24853211398194167   -6.046174843621362
4.466890679325973   0.23228506867025725   -6.33978703967321
4.468461868449548   0.21653016381813975   -6.644815935299508
4.470033057573124   0.2012755453747847   -6.962089857651021
4.4716042466967   0.18652908786876754   -7.292534311470779
4.473175435820275   0.17229838962735414   -7.637187791098571
4.474746624943851   0.15859076814365508   -7.997220946138873
4.476317814067427   0.1454132555947641   -8.37395999229963
4.477889003191002   0.13277259451394557   -8.768915548267753
4.479460192314579   0.12067523361984886   -9.183818481421135
4.481031381438155   0.10912732380568853   -9.620664911486662
4.48260257056173   0.0981347142910981   -10.081773331669165
4.484173759685306   0.08770294893951529   -10.56985798641859
4.485744948808882   0.07783726274362247   -11.088124394654598
4.487316137932457   0.06854257848142231   -11.64039555676969
4.488887327056033   0.059823503545375814   -12.231281489754322
4.490458516179609   0.051684326946946475   -12.866411264994772
4.492029705303185   0.04412901649878708   -13.552757417031637
4.493600894426761   0.0371612161767326   -14.29910069584712
4.495172083550337   0.030784243663573938   -15.116714979914939
4.496743272673912   0.0250010880766272   -16.02041072541257
4.498314461797488   0.019814407880859516   -17.03018879353519
4.499885650921064   0.015226528989313242   -18.173990578063105
4.501456840044639   0.011239443052432093   -19.492551701666272
4.503028029168215   0.007854805937781966   -21.048644849570906
4.5045992182917916   0.005073936401551149   -22.94654895082087
4.506170407415367   0.0028978149531061867   -25.3792920102103
4.507741596538943   0.0013270829137347244   -28.771016151010972
4.509312785662519   0.0003620416706452191   -34.412402401473905
4.510883974786094   2.65212711996043e-06   -55.76241941056213
4.51245516390967   0.0002485343496334338   -36.046118320457246
4.514026353033246   0.0010989674126180014   -29.59014790217863
4.515597542156821   0.002552889441439915   -25.929678227590284
4.517168731280398   0.004608897854029445   -23.364028227105592
4.5187399204039735   0.007265249801478564   -21.38749388961535
4.520311109527549   0.010519862807822928   -19.779898826056492
4.521882298651125   0.014370315609061183   -18.425336633164736
4.523453487774701   0.018813849191381442   -17.25522318444145
4.525024676898276   0.023847368028417585   -16.22559527712664
4.526595866021852   0.029467441517242895   -15.306575549830066
4.528167055145428   0.03567030561268137   -14.476931575631514
4.529738244269004   0.04245186465940008   -13.72103218782146
4.53130943339258   0.049807693421090656   -13.027035611259274
4.5328806225161555   0.057733039306008545   -12.385755713190477
4.534451811639731   0.06622282478787764   -11.78992291450176
4.536023000763307   0.07527165002117964   -11.233685579723161
4.537594189886883   0.08487379564964255   -10.712263701444297
4.539165379010458   0.09502322580664742   -10.221702258582289
4.540736568134034   0.10571359130614351   -9.758691689457436
4.5423077572576105   0.11693823302255207   -9.320434690762273
4.543878946381186   0.12869018545796423   -8.904545698761307
4.545450135504762   0.1409621804949586   -8.508973878487993
4.5470213246283375   0.15374665133301987   -8.131943317419756
4.548592513751913   0.16703573660663734   -7.771906007990925
4.550163702875489   0.1808212846829227   -7.427504471432108
4.551734891999065   0.19509485813649816   -7.097541743679966
4.55330608112264   0.20984773839929988   -6.78095704897561
4.554877270246217   0.22507093058281974   -6.476805914871269
4.5564484593697925   0.2407551684701506   -6.184243789770203
4.558019648493368   0.2568909196752526   -5.9025124478120965
4.559590837616944   0.2734683909664611   -5.630928630703228
4.5611620267405195   0.2904775337514363   -5.368874498855487
4.562733215864095   0.3079080497204768   -5.115789556639701
4.564304404987671   0.3257493966450668   -4.871163786841897
4.565875594111247   0.3439907943284222   -4.634531783341603
4.567446783234823   0.3626212307046422   -4.405467712768586
4.569017972358399   0.3816294680831616   -4.18358096845154
4.5705891614819745   0.401004049534773   -3.9685124055683465
4.57216035060555   0.42073330541571724   -3.7599310666613577
4.573731539729126   0.44080536002606735   -3.5575313228267724
4.5753027288527015   0.4612081383985711   -3.3610303688320724
4.576873917976277   0.4819293732140596   -3.170166020858244
4.578445107099854   0.5029566118394122   -2.9846947740358614
4.580016296223429   0.5242772234839375   -2.8043900838544245
4.581587485347005   0.545878406470166   -2.629040841186976
4.583158674470581   0.5677471956145761   -2.4584500153416484
4.5847298635941565   0.5898704697141061   -2.292433443409589
4.586301052717732   0.6122349591339683   -2.1308187473906397
4.587872241841308   0.6348272534923248   -1.9734443632560548
4.5894434309648835   0.6576338094372596   -1.8201586683530318
4.59101462008846   0.6806409585114673   -1.670819195444051
4.592585809212036   0.7038349150999044   -1.525291923269362
4.594156998335611   0.7272017844558601   -1.3834506348702982
4.595728187459187   0.7507275708004003   -1.2451763360626802
4.597299376582763   0.7743981854905359   -1.11035672742632
4.5988705657063385   0.7981994552511354   -0.9788857240167215
4.600441754829914   0.8221171304656532   -0.8506630177237218
4.60201294395349   0.8461368935206791   -0.7255936778209864
4.603584133077066   0.8702443671992939   -0.6035877857844454
4.605155322200642   0.8944251231180712   -0.48456010092052004
4.606726511324218   0.9186646902028281   -0.36842975374458903
4.608297700447793   0.9429485631977068   -0.25511996440136814
4.609868889571369   0.9672622112026223   -0.14455778372052527
4.611440078694945   0.991591086233802   -0.036673854768000266
4.6130112678185204   1.0159206318022085   0.06859780701426323
4.614582456942096   1.0402362915046108   0.1713200167831746
4.616153646065673   1.0645235176220653   0.2715526079073837
4.617724835189248   1.0887677797204558   0.3693526055828969
4.619296024312824   1.1129545732480257   0.4647743876775409
4.6208672134364   1.137069428124349   0.5578698339047214
4.622438402559975   1.1610979173156668   0.6486884643192831
4.624009591683551   1.1850256653912141   0.7372775680296675
4.625580780807127   1.208838357055297   0.8236823229345075
4.627151969930702   1.2325217456498307   0.9079459072143952
4.628723159054279   1.256061661622115   0.9901096032408945
4.630294348177855   1.2794440209525109   1.070212894502858
4.63186553730143   1.3026548335370158   1.1482935560960599
4.633436726425006   1.3256802115192545   1.2243877392709919
4.635007915548582   1.3485063775669235   1.2985300504909967
4.636579104672157   1.3711196730874629   1.3707536254119548
4.638150293795733   1.393506566377854   1.4410901981591195
4.639721482919309   1.415653660703475   1.509570166244236
4.641292672042885   1.437547702300982   1.5762226514368005
4.642863861166461   1.4591755883001527   1.641075556876587
4.644435050290037   1.4805243745599344   1.7041556206913846
4.646006239413612   1.5015812834135387   1.7654884663607937
4.647577428537188   1.5223337113179443   1.825098650048583
4.649148617660764   1.5427692364029162   1.8830097051072705
4.650719806784339   1.5628756259148513   1.9392441839426724
4.652290995907915   1.5826408435507584   1.993823697411121
4.653862185031492   1.6020530566778024   2.046768951908645
4.655433374155067   1.621100643433791   2.0980997842987
4.657004563278643   1.6397721997043249   2.1478351948144505
4.658575752402219   1.6580565459719931   2.195993378060111
4.660146941525794   1.6759427340334656   2.2425917522274568
4.66171813064937   1.6934200535801953   2.287646986634279
4.663289319772946   1.7104780386385916   2.331175027683756
4.664860508896521   1.727106473865594   2.3731911233363348
4.666431698020098   1.7432954006957018   2.4137098461789956
4.668002887143674   1.7590351233355066   2.452745115170357
4.669574076267249   1.7743162146020868   2.4903102161348127
4.671145265390825   1.789129521601396   2.526417821072822
4.672716454514401   1.8034661712431768   2.5610800063502808
4.674287643637976   1.8173175755888806   2.5943082698249977
4.675858832761552   1.8306754370291887   2.6261135469641133
4.677430021885128   1.8435317532878823   2.6565062260024925
4.679001211008704   1.8558788222488873   2.685496162188425
4.68057240013228   1.8677092466033862   2.713092691159486
4.682143589255856   1.879015938314175   2.7393046414886566
4.683714778379431   1.8897921228942716   2.7641403464372023
4.685285967503007   1.9000313434971843   2.787607654948716
4.686857156626583   1.9097274648161962   2.8097139419157835
4.688428345750158   1.91887467679019   2.8304661177483887
4.689999534873734   1.927467498113676   2.8498706372709846
4.691570723997311   1.9355007795487769   2.8679335079729285
4.693141913120886   1.942969707037061   2.884660297634976
4.694713102244462   1.9498698046092973   2.9000561413527897
4.696284291368038   1.9561969370911971   2.9141257479762617
4.697855480491613   1.9619473126034908   2.926873405982096
4.699426669615189   1.967117484854723   2.938302988795262
4.700997858738765   1.9717043552253108   2.948417959573389
4.702569047862341   1.9757051746415455   2.957221375466736
4.704140236985917   1.9791175452383178   2.9647158913648037
4.705711426109493   1.9819394218095672   2.9709037631394777
4.707282615233068   1.9841691130454613   2.975786850392963
4.708853804356644   1.9858052825555688   2.9793666187177132
4.71042499348022   1.986846949677356   2.9816441414741313
4.711996182603795   1.987293490069488   2.9826201010906
4.713567371727371   1.9871446360895746   2.9822947898892105
4.7151385608509475   1.9864004769560908   2.9806681104392423
4.716709749974523   1.9850614586944073   2.9777395754393767
4.718280939098099   1.9831283838669307   2.973508307128268
4.7198521282216745   1.9806024110875364   2.9679730362219967
4.72142331734525   1.9774850543206262   2.9611321003757203
4.722994506468826   1.9737781819652098   2.9529834421654844
4.724565695592402   1.969484015724644   2.9435246065851106
4.726136884715977   1.9646051292627105   2.932752738051621
4.727708073839554   1.9591444466469001   2.920664576911487
4.7292792629631295   1.9531052405799276   2.907256455438683
4.730850452086705   1.9464911304205181   2.8925242933139343
4.732421641210281   1.9393060799948205   2.876463592573483
4.7339928303338565   1.9315543951997844   2.859069432013942
4.735564019457432   1.923240721400034   2.8403364610383735
4.737135208581008   1.9143700406199018   2.820258892927154
4.738706397704584   1.904947668532398   2.7988304975154654
4.74027758682816   1.8949792512470383   2.77604459325753
4.741848775951736   1.8844707618985892   2.751894038655875
4.7434199650753115   1.8734284970388209   2.7263712230317347
4.744991154198887   1.8618590728336728   2.6994680566110696
4.746562343322463   1.8497694210681594   2.6711759598979947
4.7481335324460385   1.8371667849615936   2.641485852305406
4.749704721569614   1.824058714795757   2.6103881400099187
4.75127591069319   1.8104530633588127   2.5778727029956783
4.7528470998167665   1.7963579812078385   2.543928881248721
4.754418288940342   1.7817819117530127   2.5085454600605814
4.755989478063918   1.7667335861664686   2.471710654396288
4.7575606671874935   1.751222018119183   2.433412092278962
4.759131856311069   1.73525649834914   2.3936367971389068
4.760703045434645   1.71884658906421   2.3523711690712537
4.7622742345582205   1.7020021181833207   2.309600964941915
4.763845423681796   1.6847331734195334   2.26531127727675
4.765416612805373   1.667050096208757   2.2194865118637686
4.766987801928948   1.648963475488005   2.1721103639928887
4.768558991052524   1.6304841413269533   2.123165793251159
4.7701301801761   1.6116231584170364   2.072634996785856
4.7717013692996755   1.5923918194220175   2.0204993809398344
4.773272558423251   1.572801638194295   1.9667395311564573
4.774843747546827   1.552864342861197   1.911335180042839
4.7764149366704025   1.5325918687856226   1.8542651734711515
4.777986125793979   1.5119963514054333   1.795507434587702
4.779557314917555   1.4910901189561732   1.7350389255889875
4.78112850404113   1.4698856850815096   1.6728356071113437
4.782699693164706   1.4483957413362545   1.6088723950689878
4.784270882288282   1.4266331495865043   1.5431231147599833
4.7858420714118575   1.4046109343117252   1.4755604520446948
4.787413260535433   1.3823422748135799   1.4061559013839722
4.788984449659009   1.3598404973363796   1.3348797105055743
4.790555638782585   1.3371190671040727   1.2617008214465542
4.792126827906161   1.3141915802788002   1.1865868076967498
4.793698017029737   1.2910717558458695   1.1095038071425805
4.795269206153312   1.2677734274304235   1.030416450483759
4.796840395276888   1.2443105350507455   0.949287784763503
4.798411584400464   1.2206971168133702   0.8660791916193205
4.7999827735240395   1.1969473005551656   0.7807502998234349
4.801553962647615   1.1730752954375743   0.6932588916398237
4.803125151771192   1.1490953834981938   0.6035608024778785
4.804696340894767   1.1250219111650295   0.5116098132709952
4.806267530018343   1.1008692807384466   0.4173575349489616
4.807838719141919   1.076651941846361   0.32075328430974426
4.809409908265494   1.0523843828777444   0.22174395052165538
4.81098109738907   1.0280811223997897   0.12027385140610253
4.812552286512646   1.0037567005640096   0.016284578559066686
4.8141234756362214   0.9794256705065573   -0.0902851697337883
4.815694664759798   0.9551025897480229   -0.19949976895001031
4.817265853883374   0.9308020115980609   -0.3114268634438894
4.818837043006949   0.9065384765699042   -0.42613757766326965
4.820408232130525   0.8823265038102875   -0.5437067450787296
4.821979421254101   0.8581805825497901   -0.6642131566279266
4.823550610377676   0.8341151635789094   -0.7877398306943867
4.825121799501252   0.8101446507550079   -0.914374306889288
4.826692988624828   0.7862833925453162   -1.044208966188611
4.828264177748404   0.7625456736110772   -1.1773413803039456
4.82983536687198   0.7389457064380278   -1.3138746935383494
4.831406555995556   0.715497623018051   -1.4539180408109216
4.832977745119131   0.6922154665872856   -1.5975870060277721
4.834548934242707   0.6691131834254676   -1.7450041255546
4.836120123366283   0.6462046147214944   -1.8962994422116681
4.837691312489858   0.623503488510075   -2.051611115988639
4.839262501613435   0.601023411684277   -2.2110860985825918
4.840833690737011   0.5787778620888008   -2.374880879922422
4.842404879860586   0.5567801806984951   -2.543162316089939
4.843976068984162   0.5350435638870156   -2.7161085495119606
4.845547258107738   0.5135810557900015   -2.8939100340355948
4.847118447231313   0.4924055407673657   -3.07677067955499
4.848689636354889   0.4715297359691109   -3.264909133309881
4.850260825478465   0.4509661840090453   -3.45856021790674
4.851832014602041   0.43072724575067184   -3.6579765496321412
4.853403203725617   0.410825093209527   -3.8634303648695094
4.854974392849193   0.39127170257592303   -4.0752155875709555
4.856545581972768   0.3720788473623776   -4.293650176984281
4.858116771096344   0.3532580916795012   -4.519078802485662
4.85968796021992   0.3348207836442956   -4.751875901765477
4.861259149343495   0.3167780489246197   -4.992449190234501
4.862830338467071   0.29914078442351405   -5.241243703962471
4.864401527590648   0.2819196521069627   -5.498746476530653
4.865972716714223   0.2651250729786449   -5.765491972928723
4.867543905837799   0.2487672212049204   -6.042068432469476
4.869115094961375   0.23285601839354297   -6.329125309517306
4.87068628408495   0.2174011280291349   -6.627382048226314
4.872257473208526   0.202411950068574   -6.937638488979213
4.873828662332102   0.18789761569925703   -7.260787284727883
4.875399851455677   0.17386698226310696   -7.597828811831348
4.876971040579254   0.16032862834907757   -7.94988920202634
4.87854222970283   0.14729084905684933   -8.31824231387145
4.880113418826405   0.13476165143413368   -8.704336723820266
4.881684607949981   0.12274875009016514   -9.109829179211566
4.883255797073557   0.11125956298756204   -9.536626463380893
4.884826986197132   0.1003012074148007   -9.986938346294485
4.886398175320708   0.08988049614136041   -10.46334534103905
4.887969364444284   0.08000393375749144   -10.968886529900157
4.88954055356786   0.07067771320043574   -11.507175045273282
4.891111742691436   0.06190771246884338   -12.082552361454264
4.892682931815012   0.05369949152689474   -12.700298184682415
4.894254120938587   0.046058289399706534   -13.36692186296953
4.895825310062163   0.038989021461286445   -14.090576533729571
4.897396499185739   0.03249627691629267   -14.88166379728405
4.898967688309314   0.02658431647669312   -15.75374485243013
4.90053887743289   0.02125707023430285   -16.72496572098726
4.9021100665564665   0.01651813573004705   -17.82038943304805
4.903681255680042   0.012370776220696137   -19.076030140284452
4.905252444803618   0.008817919143636938   -20.546338385256707
4.906823633927194   0.005862154780214003   -22.319426448555497
4.908394823050769   0.003505735117956899   -24.552207770123996
4.909966012174345   0.0017505729119419637   -27.56819547926149
4.911537201297921   0.0005982409453945402   -32.23123139925981
4.913108390421496   4.997148951723796e-05   -43.012690144423935
4.914679579545073   0.00010665596240680264   -39.72010789195701
4.9162507686686485   0.0007688447867988462   -31.14160761185023
4.917821957792224   0.002036747446259908   -26.910626063201335
4.9193931469158   0.0039102327393234935   -24.077972813089055
4.9209643360393756   0.006388829230946066   -21.945786521312684
4.922535525162951   0.009471725900540814   -20.235708325065023
4.924106714286527   0.013157772985727173   -18.808175778563395
4.925677903410103   0.017445483020816527   -17.583169766513166
4.927249092533679   0.02233303206894117   -16.510522910059365
4.928820281657255   0.027818261146597082   -15.556700045998204
4.9303914707808305   0.03389867783931678   -14.698172275779013
4.931962659904406   0.04057145810697718   -13.917793731013496
4.933533849027982   0.04783344827723296   -13.202683009583316
4.9351050381515575   0.05568116722539638   -12.542916615346902
4.936676227275133   0.06411080873899591   -11.930687378104363
4.938247416398709   0.07311824406513792   -11.359742407927293
4.9398186055222855   0.08269902463868728   -10.824996072822092
4.941389794645861   0.0928483849891545   -10.322256413275003
4.942960983769437   0.10356124582417005   -9.848027295234024
4.9445321728930125   0.11483221728715734   -9.399362455507848
4.946103362016588   0.1266556023868867   -8.9737559177021
4.947674551140164   0.13902540059639523   -8.569058417224053
4.9492457402637395   0.15193531161869434   -8.183412762155118
4.950816929387315   0.16537873931659255   -7.815203203978677
4.952388118510892   0.17934879580387195   -7.4630153252685965
4.9539593076344675   0.1938383056949209   -7.125603927018755
4.955530496758043   0.2088398105099953   -6.801867074370253
4.957101685881619   0.22434557323293036   -6.490824935709575
4.9586728750051945   0.2403475830183095   -6.19160239055576
4.96024406412877   0.2568375600448565   -5.903414628397574
4.961815253252346   0.27380696051179715   -5.625555141723547
4.963386442375922   0.29124698177485525   -5.357385650938849
4.964957631499498   0.3091485676184152   -5.098327599772129
4.966528820623074   0.3275024136605131   -4.847854936267917
4.9681000097466494   0.3462989728869113   -4.605487952998387
4.969671198870225   0.365528461310788   -4.370788005303287
4.971242387993801   0.38518086375430466   -4.1433529615299305
4.9728135771173765   0.40524593974831474   -3.9228132668163584
4.974384766240952   0.42571322954643964   -3.7088285237390313
4.975955955364529   0.446572060249645   -3.501084510466213
4.977527144488104   0.4678115520373656   -3.299290570920182
4.97909833361168   0.489420624501389   -3.103177322611204
4.980669522735256   0.5113880030782832   -2.9124946368494866
4.982240711858831   0.5337022255764737   -2.727009853398284
4.983811900982407   0.5563516487938464   -2.546506197657915
4.985383090105983   0.5793244552217348   -2.3707813734254986
4.9869542792295585   0.6026086598311668   -2.199646308369816
4.988525468353135   0.6261921169371595   -2.032924032760208
4.990096657476711   0.6500625271367882   -1.8704486748220914
4.991667846600286   0.6742074443169628   -1.7120645584616638
4.993239035723862   0.6986142827273839   -1.557625391098132
4.994810224847438   0.723270324114578   -1.4069935310192743
4.996381413971013   0.7481627249126075   -1.2600393251005904
4.997952603094589   0.7732785234861662   -1.1166405089354483
4.999523792218165   0.7986046474216871   -0.9766816624534652
5.001094981341741   0.8241279208621383   -0.8400537149838008
5.002666170465317   0.8498350718810556   -0.7066534944750534
5.004237359588893   0.8757127398916579   -0.5763833162304276
5.005808548712468   0.9017474830863933   -0.4491506070787553
5.007379737836044   0.9279257859027503   -0.32486756138288336
5.00895092695962   0.9542340665109025   -0.20345082570755668
5.010522116083195   0.9806586843188105   -0.08482120933288
5.012093305206771   1.0071859474904603   0.03109658188344718
5.013664494330348   1.0338021204728949   0.14437419051469416
5.015235683453923   1.0604934315276127   0.2550798334211437
5.016806872577499   1.0872460802622783   0.36327851021912044
5.018378061701075   1.114046245158115   0.4690321959390502
5.01994925082465   1.1408800910889687   0.5724000192865011
5.021520439948226   1.167733776827679   0.6734384277732474
5.023091629071802   1.1945934625355699   0.7722013408575641
5.024662818195377   1.221445317230865   0.868740292119
5.026234007318954   1.248275526231875   0.9631045613919066
5.02780519644253   1.275070298570762   1.0553412976919618
5.029376385566105   1.3018158743739918   1.1454956336908726
5.030947574689681   1.3284985322051366   1.233610792421436
5.032518763813257   1.355104596366256   1.3197281868332174
5.034089952936832   1.3816204441537678   1.4038875127608275
5.035661142060408   1.4080325130649307   1.4861268358162336
5.037232331183984   1.4343273079510623   1.5664826726704948
5.03880352030756   1.4604914081136613   1.64499006714906
5.040374709431136   1.4865114743396024   1.7216826615275016
5.041945898554712   1.5123742558718887   1.7965927633818577
5.043517087678287   1.5380665973120047   1.8697514083160824
5.045088276801863   1.5635754454504973   1.9411884188633743
5.046659465925439   1.588887856022138   2.010932459832451
5.048230655049014   1.6139910003822036   2.079011090347826
5.04980184417259   1.6388721721004644   2.1454508128128
5.051373033296167   1.6635187934695028   2.210277119005348
5.052944222419742   1.6879184219240468   2.273514533500324
5.054515411543318   1.7120587563682472   2.33518665459657
5.056086600666894   1.7359276434075144   2.3953161929126225
5.057657789790469   1.7595130834820085   2.453925007803074
5.059228978914045   1.78280323689873   2.511034141735479
5.060800168037621   1.8057864297592536   2.566663852757143
5.062371357161196   1.828451159780273   2.6208336451715835
5.063942546284773   1.8507861020041887   2.673562298535485
5.065513735408349   1.8727801143969436   2.724867895078609
5.067084924531924   1.894422243330697   2.77476784564235
5.0686561136555   1.9157017289485097   2.8232789142245514
5.070227302779076   1.936608010408817   2.870417241213139
5.071798491902651   1.9571307310071784   2.9161983653844143
5.073369681026227   1.9772597431730725   2.9606372447369327
5.074940870149803   1.9969851133394894   3.0037482762267373
5.076512059273379   2.0162971266832246   3.0455453144652695
5.078083248396955   2.035186291733776   3.0860416894368834
5.079654437520531   2.053643344849026   3.12525022328939
5.081225626644106   2.0716592545556587   3.163183246246757
5.082796815767682   2.0892252257526724   3.1998526116904253
5.084368004891258   2.1063327037762467   3.2352697104522052
5.085939194014833   2.122973378324365   3.269445484358917
5.087510383138409   2.1391391872396963   3.302390439066303
5.0890815722619855   2.1548223201492913   3.3341146562171686
5.090652761385561   2.170015221959753   3.364627804956399
5.092223950509137   2.1847105962067275   3.3939391528335356
5.093795139632713   2.1989014082574183   3.422057576121118
5.095366328756288   2.2125808883651747   3.448991569575602
5.096937517879864   2.2257425345751485   3.47474925566563
5.09850870700344   2.2383801154801235   3.4993383932907984
5.100079896127016   2.2504876728257592   3.5227663860126257
5.101651085250592   2.2620595239644925   3.5450402898177904
5.1032222743741675   2.2730902641575885   3.5661668204326524
5.104793463497743   2.283574768724691   3.5861523602063445
5.106364652621319   2.293508195040544   3.605002964578952
5.107935841744895   2.3028859843784875   3.6227243681498584
5.10950703086847   2.31170386360051   3.639321990360424
5.111078219992046   2.3199578466936543   3.6548009408040234
5.1126494091156225   2.3276442361527425   3.6691660241756123
5.114220598239198   2.3347596242093767   3.6824217448719443
5.115791787362774   2.3413008939073867   3.694572311252876
5.1173629764863495   2.347265220024834   3.7056216395731303
5.118934165609925   2.3526500698428787   3.715573357593256
5.120505354733501   2.3574532037618647   3.7244308078777353
5.122076543857077   2.3616726757650373   3.732197050787371
5.123647732980652   2.3653068337304353   3.7388748671724885
5.125218922104229   2.3683543195915537   3.7444667607727453
5.1267901112278045   2.370814069347444   3.748974960328657
5.12836130035138   2.372685312923039   3.7524014214093877
5.129932489474956   2.3739675738805275   3.7547478279606517
5.1315036785985315   2.3746606689827066   3.756015593576011
5.133074867722107   2.3747647076093013   3.756205862494208
5.134646056845683   2.374280091027338   3.755319510324661
5.1362172459692585   2.3732075115167053   3.753357144502579
5.137788435092835   2.3715479513521234   3.7503191044746287
5.139359624216411   2.369302681642838   3.746205461615543
5.1409308133399865   2.3664732610313655   3.7410160188753876
5.142502002463562   2.363061534252753   3.7347503101567487
5.144073191587138   2.359069630555844   3.7274075994204567
5.1456443807107135   2.35449996198812   3.7189868795179057
5.147215569834289   2.3493552215457467   3.7094868707474267
5.148786758957865   2.343638381190535   3.6989060191316097
5.150357948081441   2.337352689735556   3.687242494411811
5.151929137205017   2.330501670601281   3.674494187755566
5.153500326328593   2.3230891194440324   3.6606587091717464
5.1550715154521685   2.315119101658803   3.6457333846280466
5.156642704575744   2.306595949758347   3.6297152528642767
5.15821389369932   2.297524260630639   3.612601061894547
5.1597850828228955   2.2879088926767914   3.59438726519055
5.161356271946471   2.27775496283157   3.5750700175374135
5.162927461070048   2.267067843468753   3.5546451705528863
5.164498650193623   2.2558531591935647   3.533108267859707
5.166069839317199   2.2441167835244253   3.510454539900034
5.167641028440775   2.2318648354664905   3.4866788983802994
5.1692122175643505   2.219103675979255   3.4617759303333977
5.170783406687926   2.2058399043406816   3.4357398917844173
5.172354595811502   2.192080354410364   3.408564701005046
5.1739257849350775   2.177832090794167   3.3802439313404866
5.175496974058654   2.1631024049129213   3.350770803591675
5.17706816318223   2.147898810977797   3.320138177934396
5.178639352305805   2.1322290418748118   3.2883385453551113
5.180210541429381   2.1161010449613267   3.2553640185826183
5.181781730552957   2.0995229777770317   3.2212063224924004
5.1833529196765324   2.0825032036721947   3.1858567839593426
5.184924108800108   2.065050287355884   3.1493063211326127
5.186495297923684   2.0471729903668985   3.1115454321046205
5.18806648704726   2.0288802664701846   3.0725641829440313
5.189637676170836   2.0101812569815865   3.032352195060794
5.191208865294412   1.9910852860235595   2.990898631868327
5.192780054417987   1.9716018557149124   2.9481921847064623
5.194351243541563   1.9517406412972453   2.9042210579852257
5.195922432665139   1.9315114862009946   2.8589729535071724
5.197493621788714   1.9109243970539498   2.8124350539228207
5.19906481091229   1.8899895386351184   2.76459400527044
5.200636000035867   1.8687172287767928   2.7154358985478133
5.202207189159442   1.8471179332177947   2.6649462502600194
5.203778378283018   1.825202260410624   2.6131099818825576
5.205349567406594   1.8029809562855983   2.559911398175441
5.206920756530169   1.7804648989747793   2.505334164278381
5.208491945653745   1.7576650934985674   2.449361281512088
5.210063134777321   1.734592666417935   2.3919750618052094
5.211634323900896   1.7112588604551167   2.333157100659877
5.213205513024473   1.6876750290856852   2.2728882485623427
5.214776702148049   1.663852631104935   2.2111485807378637
5.216347891271624   1.6398032251712775   2.1479173651404384
5.2179190803952   1.61553846432975   2.0831730285603385
5.219490269518776   1.591070090518302   2.0168931207217633
5.221061458642351   1.5664099290597784   1.9490542762332284
5.222632647765927   1.5415698831424156   1.8796321742417268
5.224203836889503   1.5165619282916238   1.8086014956291627
5.225775026013079   1.4913981068358857   1.7359358775761324
5.227346215136655   1.4660905223695877   1.6616078653032074
5.228917404260231   1.440651334215325   1.5855888607826834
5.230488593383806   1.4150927518887249   1.507849068197238
5.232059782507382   1.3894270295682514   1.4283574359004467
5.233630971630958   1.3636664605727646   1.3470815946131465
5.235202160754533   1.3378233718494934   1.2639877915652364
5.23677334987811   1.311910118475031   1.1790408202657132
5.238344539001686   1.2859390781720257   1.0922039455545
5.239915728125261   1.259922645843968   1.003438823556126
5.241486917248837   1.2338732281308413   0.9127054161203098
5.243058106372413   1.2078032379880126   0.8199618992930651
5.244629295495988   1.1817250892908544   0.7251645653175677
5.246200484619564   1.155651191467571   0.6282677176141972
5.24777167374314   1.1295939441626544   0.5292235581334512
5.249342862866716   1.1035657319332812   0.4279820664129368
5.250914051990292   1.0775789189811134   0.3244908696007909
5.252485241113868   1.0516458439216054   0.21869510262865144
5.254056430237443   1.0257788145933124   0.11053725763144563
5.255627619361019   0.9999901029092668   -4.2978388637828754e-05
5.257198808484595   0.9742919397526525   -0.11310889876671457
5.25876999760817   0.9486965099189247   -0.22872696648625623
5.260341186731746   0.9232159471064864   -0.34696701897593873
5.261912375855323   0.8978623289579282   -0.46790248993205275
5.263483564978898   0.8726476721539753   -0.5916106498871698
5.265054754102474   0.8475839275618755   -0.7181728674541759
5.26662594322605   0.8226829754404359   -0.8476748934078953
5.268197132349625   0.7979566207033989   -0.9802071700377932
5.269768321473201   0.7734165882430458   -1.1158651685120495
5.271339510596777   0.7490745183158353   -1.25474975734676
5.272910699720352   0.7249419619917962   -1.3969676054805782
5.274481888843929   0.7010303766693574   -1.5426316239235895
5.276053077967505   0.6773511216573582   -1.6918614504900886
5.27762426709108   0.6539154538256154   -1.8447839827545742
5.279195456214656   0.6307345233258707   -2.0015339650968307
5.280766645338232   0.6078193693844401   -2.1622546365550583
5.282337834461807   0.5851809161680304   -2.327098447199179
5.283909023585383   0.5628299687242168   -2.4962278519018115
5.285480212708959   0.5407772089978123   -2.669816191757894
5.287051401832535   0.5190331919245174   -2.8480486750221634
5.288622590956111   0.49760834160309797   -3.0311234713532804
5.2901937800796865   0.47651294754717416   -3.2192529354363852
5.291764969203262   0.4557571610179394   -3.4126649787774572
5.293336158326838   0.43535099143880174   -3.6116046117299345
5.294907347450414   0.41530430289299736   -3.816335681742678
5.296478536573989   0.39562681070521144   -4.027142838568328
5.298049725697565   0.3763280781081137   -4.244333762941165
5.2996209148211415   0.3574175129947195   -4.468241702274049
5.301192103944717   0.33890436475745755   -4.699228365560687
5.302763293068293   0.32079772121460337   -4.937687240323275
5.3043344821918685   0.30310650562499913   -5.184047407653277
5.305905671315444   0.28583947379161617   -5.438777947880978
5.30747686043902   0.26900521125465815   -5.7023930501058135
5.309048049562596   0.25261213057477166   -5.975457964985608
5.310619238686171   0.2366684687069055   -6.258595973494172
5.312190427809748   0.22118228446531382   -6.552496587088196
5.3137616169333235   0.20616145608017253   -6.857925249982731
5.315332806056899   0.19161367884609182   -7.175734886312189
5.316903995180475   0.17754646286300288   -7.50687972982632
5.3184751843040505   0.16396713086962758   -7.852431999904249
5.320046373427626   0.15088281616977958   -8.213602157131373
5.321617562551202   0.13830046065171978   -8.591763701982828
5.323188751674778   0.12622681290069326   -8.988483797023783
5.324759940798354   0.11466842640473938   -9.405561434886131
5.32633112992193   0.10363165785389071   -9.845075499462405
5.3279023190455055   0.0931226655326356   -10.309445966565043
5.329473508169081   0.08314740780577425   -10.801512805261046
5.331044697292657   0.07371164169744839   -11.3246391024256
5.3326158864162325   0.06482092156329075   -11.88284792166889
5.334187075539808   0.05648059785548353   -12.48100707171317
5.335758264663384   0.04869581598053925   -13.125083435141915
5.33732945378696   0.041471515249509656   -13.82250086006676
5.338900642910536   0.034812427920371695   -14.582656742189101
5.340471832034112   0.028723078332172823   -15.417690022681182
5.3420430211576875   0.023207782130629715   -16.343663425305763
5.343614210281263   0.018270645584703083   -17.38246083014196
5.345185399404839   0.013915564993702103   -18.56499124727522
5.3467565885284145   0.010146226184407322   -19.936954176119656
5.34832777765199   0.006966104097676408   -21.570099776244646
5.349898966775567   0.004378462463945519   -23.58678269908127
5.351470155899142   0.002386353567015454   -26.222650279506837
5.353041345022718   0.0009926180954525957   -30.032173743432867
5.354612534146294   0.00019988508093913022   -36.99217446911372
5.3561837232698695   1.057192282807841e-05   -49.75804937703471
5.357754912393445   0.00042688449815224053   -33.69688598485899
5.359326101517021   0.0014508173562948737   -28.383869582011023
5.3608972906405965   0.003084153997497036   -25.108638041404838
5.362468479764173   0.00532846723434674   -22.73397618924449
5.364039668887749   0.008185119635353844   -20.86974915411183
5.365610858011324   0.011655264049717414   -19.33477845839599
5.3671820471349   0.015739844212305263   -18.029995428646437
5.368753236258476   0.02043959542790189   -16.895276834329003
5.3703244253820515   0.025755045333698833   -15.891376644806794
5.371895614505627   0.03168651473901841   -14.991255133660431
5.373466803629204   0.03823411854119755   -14.175489063329598
5.375037992752779   0.045397766716552865   -13.429655015970354
5.376609181876355   0.05317716538535374   -12.742748083356252
5.378180370999931   0.06157181794962154   -12.106180163270677
5.379751560123506   0.0705810263026464   -11.513120247997433
5.381322749247082   0.08020389210903794   -10.958045504846993
5.382893938370658   0.09043931815409824   -10.43642715773064
5.3844651274942334   0.10128600976134365   -9.94450533600175
5.38603631661781   0.11274247627690245   -9.479124267105368
5.387607505741386   0.12480703261953122   -9.03760938883768
5.389178694864961   0.1374778008950692   -8.617674203264453
5.390749883988537   0.15075271207391178   -8.217348631849838
5.392321073112113   0.164629507730304   -7.834923177864084
5.393892262235688   0.17910574184210037   -7.468904887202087
5.395463451359264   0.19417878264966068   -7.117982236928841
5.39703464048284   0.20984581457254997   -6.780996864089839
5.398605829606416   0.22610384018268112   -6.456920595464045
5.400177018729992   0.24294968223249497   -6.144836628511054
5.401748207853568   0.260379985736926   -5.843923994576747
5.403319396977143   0.27839122010757855   -5.553444640494409
5.404890586100719   0.2969796813378775   -5.272732616268176
5.406461775224295   0.31614149423769555   -5.001184969790883
5.40803296434787   0.3358726147160915   -4.7382540350635995
5.409604153471446   0.3561688321107163   -4.483440865578954
5.411175342595023   0.3770257715624785   -4.236289614676788
5.412746531718598   0.398438896433964   -3.996382703579756
5.414317720842174   0.42040351077037647   -3.7633366482237247
5.41588890996575   0.4429147618012884   -3.5367984399547043
5.417460099089325   0.4659676424819492   -3.316442394154118
5.419031288212901   0.48955699407266073   -3.101967396021643
5.420602477336477   0.5136775087547594   -2.893094484925665
5.422173666460052   0.5383237322817623   -2.6895647285736795
5.423744855583629   0.5634900666642624   -2.491137346251851
5.425316044707205   0.5891707728870295   -2.2975880469159318
5.42688723383078   0.6153599736570904   -2.1087075532754445
5.428458422954356   0.6420516561810604   -1.9243002874397532
5.430029612077932   0.6692396749705274   -1.744183197355228
5.431600801201507   0.6969177546739121   -1.5681847063152843
5.433171990325083   0.7250794929334557   -1.396143770371828
5.434743179448659   0.7537183632658578   -1.227909030615466
5.436314368572235   0.7828277179652113   -1.0633380490915139
5.437885557695811   0.8124007910266577   -0.9022966186417904
5.439456746819387   0.8424307010896515   -0.7446581382501092
5.441027935942962   0.8729104543991362   -0.5903030465709486
5.442599125066538   0.9038329477833666   -0.4391183072557831
5.444170314190114   0.9351909716470571   -0.2909969404947933
5.445741503313689   0.9669772129783533   -0.14583759588206704
5.447312692437265   0.9991842583683662   -0.003544162305040715
5.448883881560842   1.0318045970418965   0.13597458892759398
5.450455070684417   1.0648306238978742   0.27280533106076155
5.452026259807993   1.0982546425584845   0.407030481928216
5.453597448931569   1.132068868425317   0.5387284796673393
5.455168638055144   1.1662654317414365   0.6679740364424682
5.45673982717872   1.2008363806580438   0.7948383722486871
5.458311016302296   1.2357736843044238   0.9193894306438338
5.459882205425871   1.271069235859914   1.0416920780596375
5.461453394549448   1.3067148556266805   1.1618082881696976
5.463024583673024   1.342702294101932   1.2797973126386135
5.464595772796599   1.3790232350486258   1.3957158394429188
5.466166961920175   1.4156692985631047   1.5096181398328299
5.467738151043751   1.452632044138733   1.6215562048998984
5.469309340167326   1.4899029737242422   1.7315798726202247
5.470880529290902   1.5274735347756587   1.8397369461595887
5.472451718414478   1.5653351233006698   1.946073304152022
5.474022907538054   1.6034790868942883   2.050633003596649
5.47559409666163   1.6418967277646384   2.153458375957799
5.477165285785206   1.680579305748042   2.2545901170009133
5.478736474908781   1.7195180413119118   2.3540673708469435
5.480307664032357   1.7587041185447523   2.451927808687038
5.481878853155933   1.7981286881320515   2.548207702559095
5.483450042279508   1.8377828703171142   2.6429419945535626
5.485021231403084   1.8776577578458142   2.736164361784159
5.4865924205266605   1.9177444188942845   2.827907277430798
5.488163609650236   1.9580338999785183   2.918202068136182
5.489734798773812   1.9985172288452062   3.0070789680149828
5.4913059878973876   2.0391854173424884   3.094567169511895
5.492877177020963   2.080029464270014   3.1806948713273147
5.494448366144539   2.1210403582073547   3.2654893236111042
5.496019555268115   2.1622090803198626   3.3489768706091585
5.497590744391691   2.2035266071411908   3.4311829909332743
5.499161933515267   2.2449839133315557   3.5121323356113683
5.5007331226388425   2.2865719744112005   3.591848764063762
5.502304311762418   2.3282817694679134   3.67035537813908
5.503875500885994   2.3701042838381055   3.7476745543345036
5.5054466900095695   2.412030511760639   3.8238279743152805
5.507017879133145   2.4540514590027054   3.8988366538401382
5.508589068256721   2.4961581454569695   3.9727209701913546
5.5101602573802975   2.5383416077094947   4.045500688201642
5.511731446503873   2.5805929015774964   4.117194984962615
5.513302635627449   2.622903104616714   4.187822473294903
5.5148738247510245   2.6652633185973698   4.2574012240529715
5.5164450138746   2.7076646719483444   4.325948787333756
5.518016202998176   2.7500983221690065   4.393482212653151
5.5195873921217515   2.7925554582080814   4.460018068149959
5.521158581245327   2.8350273028090314   4.525572458873015
5.522729770368904   2.877505114821538   4.590161044203661
5.5243009594924795   2.9199801914783556   4.653799054461831
5.525872148616055   2.9624438706375615   4.716501306741915
5.527443337739631   3.004887532989097   4.778282220019953
5.5290145268632065   3.0473026042257403   4.83915582957282
5.530585715986782   3.089680557177827   4.899135800746251
5.532156905110358   3.132012913911375   4.95823544210676
5.5337280942339335   3.1742912477893372   5.016467718010338
5.53529928335751   3.2165071854955487   5.073845260618569
5.536870472481086   3.258652409020978   5.130380381390978
5.5384416616046614   3.3007186576123404   5.186085082081215
5.540012850728237   3.3426977296822455   5.240971065261889
5.541584039851813   3.3845814846810756   5.29504974440262
5.5431552289753885   3.426361844930115   5.348332253523611
5.544726418098964   3.4680307974157794   5.400829456446087
5.54629760722254   3.5095803955447398   5.4525519556596125
5.547868796346116   3.551002760859755   5.5035101008251806
5.549439985469692   3.5922900847159362   5.55371399693173
5.551011174593268   3.633434629917617   5.603173512123279
5.552582363716843   3.674428732315232   5.651898285211944
5.554153552840419   3.7152648023624777   5.699897732892301
5.555724741963995   3.755935326633476   5.747181056670975
5.5572959310875705   3.7964328692999114   5.793757249524909
5.558867120211146   3.8367500735680804   5.839635102300926
5.560438309334723   3.87687966307582   5.884823209868553
5.562009498458298   3.9168144432491827   5.929329977037305
5.563580687581874   3.956547302619142   5.973163624249482
5.56515187670545   3.9960712140979457   6.016332193058149
5.566723065829025   4.035379236215409   6.058843551400265
5.568294254952601   4.07446451431513   6.100705398673986
5.569865444076177   4.113320281710639   6.141925270628733
5.5714366331997525   4.1519398608015585   6.182510544076262
5.573007822323329   4.190316664149969   6.222468441430607
5.574579011446905   4.228444195516816   6.261806035084034
5.57615020057048   4.266316050858899   6.300530251626467
5.577721389694056   4.3039259192861214   6.3386478759145675
5.579292578817632   4.341267583979431   6.376165554997145
5.580863767941207   4.378334923069513   6.413089801902804
5.582434957064783   4.41512191047645   6.449426999295611
5.584006146188359   4.451622616710475   6.485183403004201
5.585577335311935   4.4878312096340744   6.520365145429553
5.587148524435511   4.5237419551855345   6.554978238836298
5.588719713559087   4.559349218064446   6.58902857853254
5.590290902682662   4.594647462378994   6.622521945942289
5.591862091806238   4.629631252255584   6.655464011575097
5.593433280929814   4.664295252410965   6.68786033789686
5.595004470053389   4.69863422868711   6.719716382105712
5.596575659176965   4.732643048549143   6.751037498816691
5.598146848300542   4.766316681546632   6.781828942658783
5.599718037424117   4.799650199738443   6.812095870787621
5.601289226547693   4.832638778081732   6.841843345317317
5.602860415671269   4.865277694784998   6.871076335674148
5.604431604794844   4.897562331625909   6.899799720875408
5.60600279391842   4.929488174234001   6.928018291736011
5.607573983041996   4.961050812338689   6.955736753005645
5.609145172165571   4.992245939982972   6.982959725439067
5.610716361289148   5.023069355703138   7.00969174780195
5.612287550412724   5.053516962674813   7.035937278814633
5.613858739536299   5.083584768825961   7.061700699036223
5.615429928659875   5.1132688869168845   7.086986312690905
5.617001117783451   5.1425655345878765   7.111798349438793
5.618572306907026   5.171471034374845   7.136140966093183
5.620143496030602   5.199981813693323   7.160018248286162
5.621714685154178   5.228094404791266   7.183434212084356
5.623285874277754   5.255805444671115   7.206392805556623
5.62485706340133   5.283111674981429   7.228897910295261
5.626428252524906   5.3100099418787705   7.250953342892546
5.627999441648481   5.336497195859951   7.2725628563738764
5.629570630772057   5.362570491565355   7.293730141589214
5.631141819895633   5.388226987553658   7.314458828564146
5.632713009019208   5.413463946048428   7.334752487811969
5.634284198142785   5.43827873265709   7.354614631608099
5.635855387266361   5.4626688160626005   7.374048715227989
5.637426576389936   5.486631767688552   7.393058138149984
5.638997765513512   5.510165261337859   7.411646245223981
5.640568954637088   5.533267072805727   7.429816327807229
5.642140143760663   5.55593507946728   7.447571624868257
5.643711332884239   5.578167259840376   7.464915324059981
5.645282522007815   5.5999616931240315   7.481850562762976
5.646853711131391   5.621316558713008   7.498380429099882
5.648424900254967   5.642230135688923   7.5145079629218
5.649996089378543   5.662700802288597   7.5302361567677245
5.651567278502118   5.682727035349856   7.545567956797646
5.653138467625694   5.702307409735456   7.560506263700307
5.65470965674927   5.721440597735551   7.575053933576337
5.656280845872845   5.740125368449238   7.589213778797524
5.657852034996421   5.758360587145619   7.60298856884299
5.6594232241199975   5.7761452146049   7.616381031112929
5.660994413243573   5.793478306439998   7.6293938517206
5.662565602367149   5.810359012399233   7.642029676263309
5.664136791490725   5.826786575650422   7.654291110572845
5.6657079806143   5.842760332047053   7.666180721446151
5.667279169737876   5.858279709376908   7.677701037356709
5.668850358861452   5.873344226593659   7.688854549147246
5.670421547985027   5.887953493031956   7.699643710704307
5.671992737108604   5.902107207606446   7.710070939615211
5.6735639262321795   5.915805157995192   7.720138617807875
5.675135115355755   5.9290472198081074   7.7298490921740886
5.676706304479331   5.941833355740698   7.739204675176588
5.678277493602907   5.9541636147137185   7.748207645440467
5.679848682726482   5.966038130999204   7.756860248329353
5.681419871850058   5.9774571233332985   7.765164696506751
5.682991060973634   5.988420894016443   7.7731231704830055
5.68456225009721   5.998929828001291   7.7807378191482375
5.686133439220786   6.008984391968867   7.788010760291644
5.6877046283443615   6.018585133393515   7.794944081107602
5.689275817467937   6.027732679596906   7.801539838688809
5.690847006591513   6.036427736791779   7.807800060506935
5.692418195715089   6.044671089115673   7.813726744881011
5.693989384838664   6.052463597655278   7.819321861433969
5.69556057396224   6.0598061994617245   7.824587351537585
5.6971317630858165   6.0666999065573215   7.829525128746159
5.698702952209392   6.073145804934153   7.834137079219197
5.700274141332968   6.079145053545002   7.838425062133413
5.7018453304565435   6.084698883286999   7.842390910084305
5.703416519580119   6.0898085959784485   7.846036429477552
5.704987708703695   6.094475563329241   7.849363400910523
5.7065588978272705   6.098701225905294   7.852373579544124
5.708130086950846   6.102487092087402   7.855068695465228
5.709701276074423   6.105834737024943   7.857450454039907
5.7112724651979985   6.108745801584844   7.859520536257732
5.712843654321574   6.111221991296156   7.861280599067289
5.71441484344515   6.113265075290721   7.862732275703188
5.7159860325687255   6.114876885240237   7.863877176004723
5.717557221692301   6.116059314290175   7.864716886726403
5.719128410815877   6.116814315990918   7.865252971840551
5.7206995999394525   6.117143903226419   7.8654869728321035
5.722270789063029   6.117050147140894   7.865420408985862
5.723841978186605   6.116535176063806   7.865054777666334
5.7254131673101805   6.115601174433498   7.864391554590281
5.726984356433756   6.114250381719946   7.863432194092263
5.728555545557332   6.1124850913468185   7.862178129383172
5.7301267346809075   6.110307649613345   7.860630772802063
5.731697923804483   6.107720454616226   7.858791516061317
5.733269112928059   6.104725955171931   7.856661730485305
5.734840302051635   6.101326649739816   7.854242767242754
5.736411491175211   6.097525085346221   7.85153595757285
5.737982680298787   6.093323856509971   7.848542613005247
5.7395538694223625   6.088725604169645   7.845264025574188
5.741125058545938   6.083733014612699   7.841701468026654
5.742696247669514   6.078348818407063   7.83785619402493
5.7442674367930895   6.072575789335181   7.833729438343433
5.745838625916665   6.066416743331043   7.829322417060116
5.747409815040242   6.059874537420311   7.824636327742418
5.748981004163817   6.052952068663991   7.819672349627983
5.750552193287393   6.045652273105681   7.814431643800073
5.752123382410969   6.037978124722965   7.808915353358003
5.7536945715345444   6.029932634382912   7.8031246035824475
5.75526576065812   6.021518848802204   7.797060502095919
5.756836949781696   6.012739849511905   7.79072413901833
5.7584081389052715   6.003598751827286   7.784116587117849
5.759979328028848   5.994098703822892   7.777238901957074
5.761550517152424   5.984242885313035   7.770092122034596
5.763121706275999   5.974034506838007   7.762677268922048
5.764692895399575   5.963476808656161   7.75499534739668
5.766264084523151   5.952573059742219   7.747047345569621
5.767835273646726   5.941326556791783   7.738834235009723
5.769406462770302   5.929740623232498   7.730356970863249
5.770977651893879   5.917818608241886   7.721616491969314
5.772548841017454   5.905563885772152   7.712613720971232
5.77412003014103   5.892979853582093   7.703349564423769
5.775691219264606   5.8800699322762595   7.693824912896369
5.777262408388181   5.8668375643516875   7.684040641072465
5.778833597511757   5.853286213252211   7.673997607844835
5.780404786635333   5.839419362430584   7.663696656407098
5.781975975758908   5.825240514418604   7.653138614341421
5.783547164882485   5.810753189905299   7.642324293702382
5.785118354006061   5.795960926823529   7.631254491097248
5.786689543129636   5.7808672794447915   7.619929987762369
5.788260732253212   5.7654758174827725   7.608351549636082
5.789831921376788   5.749790125205474   7.596519927427917
5.791403110500363   5.733813800556224   7.5844358566842685
5.792974299623939   5.717550454283562   7.572100057850474
5.794545488747515   5.701003709080213   7.559513236329409
5.796116677871091   5.684177198731262   7.546676082536613
5.797687866994667   5.6670745672715785   7.533589271951946
5.799259056118243   5.649699468152574   7.520253465167771
5.800830245241818   5.632055563418493   7.506669307933783
5.802401434365394   5.614146522892294   7.492837431198458
5.80397262348897   5.595976023371115   7.478758451147095
5.805543812612545   5.577547747831554   7.464432969236561
5.807115001736121   5.55886538464474   7.4498615722266965
5.808686190859698   5.539932626801265   7.435044832208381
5.810257379983273   5.520753171146205   7.4199833066283984
5.811828569106849   5.501330717623975   7.404677538310879
5.813399758230425   5.481668968533451   7.389128055475595
5.814970947354   5.4617716277931825   7.373335371752972
5.816542136477576   5.4416424002167885   7.357299986195816
5.818113325601152   5.421284990798603   7.341022383287807
5.819684514724727   5.400703104009616   7.324503032948773
5.821255703848304   5.379900443103787   7.307742390536729
5.82282689297188   5.358880709434713   7.290740896846712
5.824398082095455   5.337647601782609   7.273498978106291
5.825969271219031   5.316204815691833   7.2560170459679405
5.827540460342607   5.294556042818816   7.23829549749817
5.829111649466182   5.272704970290444   7.220334715163364
5.830682838589758   5.250655280072958   7.202135066812446
5.832254027713334   5.228410648351323   7.183696905656229
5.83382521683691   5.205974744919135   7.165020570243565
5.835396405960486   5.183351232579076   7.146106384434242
5.836967595084062   5.160543766553743   7.126954657368486
5.838538784207637   5.137555993907167   7.10756568343332
5.840109973331213   5.114391552976736   7.087939742225532
5.841681162454789   5.091054072815644   7.068077098511338
5.843252351578364   5.067547172645809   7.0479780021826945
5.84482354070194   5.043874461321385   7.027642688210341
5.846394729825517   5.020039536802477   7.007071376593266
5.847965918949092   4.996045985639644   6.986264272305052
5.849537108072668   4.971897382468437   6.965221565236477
5.851108297196244   4.947597289514623   6.943943430134933
5.852679486319819   4.923149256109624   6.922430026540219
5.854250675443395   4.8985568182163215   6.900681498716883
5.855821864566971   4.873823497965081   6.878697975582941
5.857393053690546   4.848952803200206   6.8564795706352
5.858964242814123   4.823948227036313   6.8340263818707
5.8605354319376985   4.798813247425236   6.811338491704837
5.862106621061274   4.773551326732719   6.7884159668855
5.86367781018485   4.74816591132542   6.765258858403698
5.865248999308426   4.72266043116779   6.741867201400281
5.866820188432001   4.697038299429065   6.718241015068981
5.868391377555577   4.671302912099994   6.6943803025554205
5.869962566679153   4.645457647619709   6.670285050852475
5.871533755802729   4.619505866512035   6.645955230691345
5.873104944926305   4.593450911031936   6.621390796428981
5.8746761340498805   4.567296104821298   6.596591685931119
5.876247323173456   4.541044752574527   6.571557820451392
5.877818512297032   4.5147001397137005   6.546289104506241
5.879389701420608   4.488265532073086   6.520785425745514
5.880960890544183   4.461744175593195   6.495046654818824
5.882532079667759   4.435139296024037   6.46907264523745
5.8841032687913355   4.40845409863788   6.442863233231986
5.885674457914911   4.381691767950883   6.416418237605185
5.887245647038487   4.35485546745413   6.389737459580489
5.8888168361620625   4.327948339353576   6.362820682645766
5.890388025285638   4.300973504318899   6.335667672392249
5.891959214409214   4.273934061241394   6.308278176348803
5.89353040353279   4.246833087000505   6.280651923811123
5.895101592656365   4.219673636239227   6.25278862566609
5.896672781779942   4.192458741147906   6.2246879742107755
5.8982439709035175   4.16519141125696   6.19634964296666
5.899815160027093   4.137874633237627   6.167773286488111
5.901386349150669   4.110511370711412   6.138958540165801
5.9029575382742445   4.08310456406765   6.109905020024467
5.90452872739782   4.055657130289394   6.080612322515182
5.906099916521396   4.028171962787277   6.051080024301806
5.907671105644972   4.000651931241416   6.021307682041586
5.909242294768548   3.973099881451427   5.991294832160046
5.910813483892124   3.945518635193904   5.961040990619382
5.9123846730156995   3.9179109900880267   5.930545652681075
5.913955862139275   3.890279719468548   5.899808292661888
5.915527051262851   3.862627572266439   5.86882836368349
5.9170982403864265   3.8349572728970296   5.837605297415527
5.918669429510002   3.8072715211553603   5.806138503811738
5.920240618633579   3.7795729921189154   5.774427370839308
5.921811807757154   3.751864336057665   5.7424712642012965
5.92338299688073   3.7241481783507053   5.7102695270513015
5.924954186004306   3.6964271194105147   5.677821479701449
5.9265253751278815   3.668703734613482   5.645126419322114
5.928096564251457   3.640980574237733   5.612183619634498
5.929667753375033   3.613260163407238   5.5789923305947955
5.9312389424986085   3.585545002042714   5.545551778070478
5.932810131622185   3.5578375648190184   5.511861163508268
5.934381320745761   3.53014030112883   5.477919663593474
5.935952509869336   3.5024556350527   5.4437264299006625
5.937523698992912   3.4747859653352244   5.40928058853531
5.939094888116488   3.4471336653674522   5.374581239766448
5.9406660772400635   3.419501083175076   5.3396274576496285
5.942237266363639   3.3918905414127436   5.304418289640526
5.943808455487215   3.364304337363991   5.268952756198416
5.945379644610791   3.336744742947   5.233229850379652
5.946950833734367   3.3092140047259373   5.197248537420707
5.948522022857943   3.2817143439276677   5.16100775431034
5.950093211981518   3.2542479564640976   5.124506409351088
5.951664401105094   3.2268170129596334   5.087743381709214
5.95323559022867   3.199423658784043   5.050717520953355
5.9548067793522454   3.172070014090199   5.0134276465809515
5.956377968475821   3.1447581738571118   4.9758725475328385
5.957949157599398   3.1174902079376117   4.938050981694913
5.959520346722973   3.090268161111161   4.899961675387322
5.961091535846549   3.063094053141124   4.861603322840017
5.962662724970125   3.035969878836781   4.822974585654819
5.9642339140937   3.0088976081200154   4.784074092253675
5.965805103217276   2.9818791860962963   4.7449004373122685
5.967376292340852   2.954916533129979   4.70545218117876
5.968947481464427   2.9280115449240696   4.665727849277564
5.970518670588004   2.9011660926039835   4.625725931497185
5.97208985971158   2.874382022805449   4.5854448815619815
5.973661048835155   2.8476611577664457   4.5448831163873935
5.975232237958731   2.8210052954229257   4.504039015417864
5.976803427082307   2.7944162095084595   4.462910919947324
5.978374616205882   2.767895649657542   4.421497132421418
5.979945805329458   2.741445341512544   4.379795915721068
5.981516994453034   2.71506698683415   4.337805492426668
5.98308818357661   2.6887622636153834   4.295524044062621
5.984659372700186   2.6625328261988277   4.25294971032116
5.986230561823762   2.6363803053972834   4.2100805882652805
5.987801750947337   2.6103063086174956   4.166914731509728
5.989372940070913   2.5843124199870364   4.123450149379606
5.990944129194489   2.5584002004842614   4.079684806045905
5.992515318318064   2.5325711880711266   4.035616619637015
5.99408650744164   2.506826897828915   3.9912434613256558
5.995657696565217   2.4811688220967225   3.9465631543903417
5.997228885688792   2.4555984306126732   3.9015734732506258
5.998800074812368   2.430117170657608   3.8562721424749706
6.000371263935944   2.4047264672015247   3.810656835760983
6.001942453059519   2.37942772305234   3.764725174886469
6.003513642183095   2.354222319007045   3.718474728630625
6.005084831306671   2.3291116140051016   3.6719030116642033
6.006656020430246   2.30409694528426   3.625007483408112
6.008227209553823   2.2791796285382624   3.577785546858514
6.009798398677399   2.2543609580768837   3.530234547378273
6.011369587800974   2.229642206987706   3.4823517714525876
6.01294077692455   2.2050246273000322   3.434134445408506
6.014511966048126   2.180509450150555   3.385579734096462
6.016083155171701   2.156097885950757   3.3366847395325934
6.017654344295277   2.1317911245562198   3.287446499500961
6.019225533418853   2.1075903354373167   3.23786198611336
6.020796722542429   2.083496667851618   3.187928104325974
6.022367911666005   2.0595112510179026   3.1376416904113085
6.023939100789581   2.0356351942913298   3.0869995103829577
6.025510289913156   2.0118695873402053   3.0359982583725746
6.027081479036732   1.9882155003240112   2.9846345549567244
6.028652668160308   1.964673984072587   2.9329049454316887
6.030223857283883   1.9412460702666172   2.880805898034762
6.031795046407459   1.9179327716190973   2.828333802109481
6.033366235531036   1.8947350820579119   2.7754849662131
6.034937424654611   1.8716539769095628   2.7222556161644
6.036508613778187   1.8486904130833919   2.6686418930281652
6.038079802901763   1.8258453292571855   2.6146398510361175
6.039650992025338   1.8031196460632624   2.560245455439916
6.041222181148914   1.7805142662754154   2.505454580294579
6.04279337027249   1.7580300749965188   2.450263006169315
6.044364559396066   1.7356679398468446   2.394666417783175
6.045935748519642   1.7134287111529258   2.3386604015622616
6.047506937643218   1.6913132221368976   2.2822404431153718
6.049078126766793   1.6693222891063344   2.2254019246249612
6.050649315890369   1.647456711644621   2.168140122150275
6.052220505013945   1.6257172728015918   2.11045020283851
6.05379169413752   1.6041047392844583   2.0523272220404465
6.055362883261096   1.582619861649131   1.9937661203270212
6.0569340723846725   1.5612633744916375   1.9347617204020837
6.058505261508248   1.5400359966398225   1.8753087239076254
6.060076450631824   1.5189384313451253   1.8154017081165486
6.0616476397553996   1.497971366474411   1.7550351225082583
6.063218828878975   1.477135474701833   1.6942032852221578
6.064790018002551   1.4564314137007706   1.632900379384061
6.066361207126127   1.435859826335643   1.5711204492995798
6.067932396249702   1.4154213408536256   1.5088573965088816
6.069503585373279   1.3951165710761804   1.4461049756965982
6.0710747744968545   1.374946116590585   1.382856790451184
6.07264596362043   1.354910562940947   1.3191062888655334
6.074217152744006   1.3350104818192097   1.254846758973456
6.0757883418675815   1.3152464312557495   1.190071324013447
6.077359530991157   1.2956189558095736   1.1247729375120106
6.078930720114733   1.2761285867583   1.0589443781789938
6.080501909238309   1.2567758422874764   0.9925782446048538
6.082073098361885   1.2375612276796655   0.9256669497521988
6.083644287485461   1.2184852355030051   0.8582027152310565
6.0852154766090365   1.199548345799036   0.7901775653469987
6.086786665732612   1.180751026270259   0.7215833209130444
6.088357854856188   1.1620937324668623   0.65241159281206
6.0899290439797635   1.1435769079730176   0.5826537752991359
6.091500233103339   1.1252009845922664   0.5123010390295293
6.093071422226915   1.1069663825325204   0.44134432380074295
6.0946426113504915   1.088873510590078   0.3697743309923293
6.096213800474067   1.0709227663330074   0.29758151568973146
6.097784989597643   1.053114536283748   0.2247560784756963
6.0993561787212185   1.0354491961009018   0.1512879568723105
6.100927367844794   1.0179271107600596   0.07716681641511364
6.10249855696837   1.0005486347339836   0.0023820413416739375
6.1040697460919455   0.9833141121717217   -0.07307727512727177
6.105640935215521   0.9662238770768583   -0.14922234093465353
6.107212124339098   0.9492782534847868   -0.2260646757850972
6.1087833134626734   0.9324775556391203   -0.30361612221776446
6.110354502586249   0.915822088166888   -0.3818888571813063
6.111925691709825   0.899312146252999   -0.46089540413607044
6.1134968808334005   0.8829480158134032   -0.5406486457153017
6.115068069956976   0.8667299736673149   -0.6211618369746843
6.116639259080552   0.8506582877083746   -0.7024486192638401
6.1182104482041275   0.8347332170746005   -0.7845230347558048
6.119781637327704   0.8189550123172719   -0.8673995416714247
6.12135282645128   0.8033239155686734   -0.9510930302392149
6.122924015574855   0.7878401607086694   -1.035618839433775
6.124495204698431   0.7725039735299537   -1.1209927745395416
6.126066393822007   0.7573155719023474   -1.2072311255869748
6.1276375829455825   0.7422751659356027   -1.2943506867167205
6.129208772069158   0.7273829581411675   -1.382368776525582
6.130779961192734   0.712639143592579   -1.4713032594565412
6.13235115031631   0.6980439100845247   -1.561172568297439
6.133922339439886   0.6835974382908155   -1.6519957278563593
6.135493528563462   0.6692999019208205   -1.743792379891116
6.137064717687037   0.6551514678746754   -1.8365828093712864
6.138635906810613   0.6411522963971804   -1.9303879721596438
6.140207095934189   0.6273025412302561   -2.0252295242068463
6.1417782850577645   0.6136023497641453   -2.1211298523583406
6.14334947418134   0.6000518631870639   -2.218112106883542
6.144920663304917   0.5866512166336013   -2.316200235841846
6.146491852428492   0.5734005393317222   -2.415419021412351
6.148063041552068   0.5602999547481144   -2.515794118325396
6.149634230675644   0.5473495807324563   -2.617352094538928
6.151205419799219   0.5345495296599271   -2.720120474324249
6.152776608922795   0.5218999085724118   -2.824127783930661
6.154347798046371   0.5094008193182556   -2.9294036000176185
6.1559189871699465   0.4970523586904077   -3.0359786010594156
6.157490176293523   0.484854618563194   -3.143884621941874
6.159061365417099   0.47280768602766493   -3.2531547119922397
6.160632554540674   0.4609116435250995   -3.363823196708532
6.16220374366425   0.4491665689794336   -3.4759257434675543
6.163774932787826   0.4375725359278348   -3.5894994315308697
6.165346121911401   0.42612961364984286   -3.7045828266862912
6.166917311034977   0.41483786729507893   -3.8212160608980374
6.168488500158554   0.40369735800918294   -3.9394409173779144
6.170059689282129   0.3927081430583848   -4.059300921521896
6.171630878405705   0.38187027595245643   -4.180841438206914
6.173202067529281   0.371183806565959   -4.304109775990207
6.174773256652856   0.3606487812581771   -4.429155298802561
6.176344445776432   0.3502652429911788   -4.556029545798457
6.177915634900008   0.34003323144650593   -4.68478636008212
6.179486824023583   0.32995278314018095   -4.815482027114173
6.18105801314716   0.3200239315360023   -4.948175423686177
6.182629202270736   0.31024670715747943   -5.082928178441445
6.184200391394311   0.3006211376979573   -5.2198048450393
6.185771580517887   0.2911472481290781   -5.358873089174731
6.187342769641463   0.2818250608078812   -5.500203890800829
6.188913958765038   0.2726545955820033   -5.64387176306988
6.190485147888614   0.2636358698934104   -5.789954989672693
6.19205633701219   0.2547688988803393   -5.938535882468532
6.193627526135766   0.24605369547783665   -6.089701061516717
6.195198715259342   0.2374902705164183   -6.2435417598973375
6.196769904382918   0.2290786328191573   -6.400154155996133
6.198341093506493   0.22081878929719279   -6.559639736277589
6.199912282630069   0.21271074504351054   -6.7221056919689035
6.201483471753645   0.20475450342508741   -6.88766535352933
6.20305466087722   0.19695006617333002   -7.05643866730942
6.204625850000796   0.18929743347296152   -7.228552719410434
6.206197039124373   0.18179660404909043   -7.40414231247237
6.207768228247948   0.17444757525282553   -7.583350601931466
6.209339417371524   0.1672503431448985   -7.766329799273941
6.2109106064951   0.16020490257793188   -7.953241950916966
6.212481795618675   0.15331124727693915   -8.144259802702477
6.214052984742251   0.1465693699179769   -8.339567761553083
6.215624173865827   0.1399792622053514   -8.539362967683983
6.217195362989402   0.13354091494704695   -8.743856492993011
6.218766552112979   0.12725431812840404   -8.95327468387672
6.220337741236555   0.12111946098426231   -9.167860669868773
6.22190893036013   0.11513633206931236   -9.387876063306225
6.223480119483706   0.10930491932675351   -9.613602879801947
6.225051308607282   0.10362521015537669   -9.845345714860947
6.226622497730857   0.09809719147475997   -10.083434218776189
6.228193686854433   0.09272084978910587   -10.328225920216095
6.229764875978009   0.08749617124890097   -10.580109459210272
6.231336065101585   0.08242314171139935   -10.839508302846383
6.232907254225161   0.07750174679909255   -11.106885032879832
6.234478443348737   0.07273197195656923   -11.382746314230744
6.236049632472312   0.06811380250566516   -11.667648678395228
6.237620821595888   0.06364722369901507   -11.962205287610118
6.239192010719464   0.05933222077171112   -12.267093886399953
6.240763199843039   0.055168778991542246   -12.583066199719237
6.242334388966615   0.0511568837072864   -12.91095910550489
6.2439055780901915   0.04729652039541835   -13.25170799945692
6.245476767213767   0.04358767470512273   -13.606362889394784
6.247047956337343   0.04003033250161642   -13.976107916758497
6.248619145460919   0.036624479907694865   -14.362285220104301
6.250190334584494   0.033370103343771176   -14.766424353633914
6.25176152370807   0.030267189565908254   -15.190278888666214
6.253332712831646   0.02731572570248487   -15.635872411065282
6.254903901955221   0.024515699288940047   -16.105556966548573
6.256475091078798   0.021867098300902527   -16.602088228682724
6.2580462802023735   0.019369911185640767   -17.128723481697946
6.259617469325949   0.017024126891716968   -17.689351267876347
6.261188658449525   0.01482973489714784   -18.288665832556823
6.262759847573101   0.012786725235540117   -18.93240632990632
6.264331036696676   0.010895088520926455   -19.627691969657157
6.265902225820252   0.009154815970526656   -20.38350333993076
6.267473414943828   0.007565899426044378   -21.211393787059805
6.269044604067404   0.006128331373222658   -22.126576885546182
6.27061579319098   0.004842104959709016   -23.14965711132736
6.2721869823145555   0.0037072140110341162   -24.30952225031202
6.273758171438131   0.0027236530452700142   -25.648480567342343
6.275329360561707   0.0018914172855485519   -27.2321241667731
6.2769005496852825   0.0012105026713220967   -29.170338890537145
6.278471738808858   0.0006809058675079744   -31.669122855811267
6.280042927932434   0.00030262427226517973   -35.19094806825016
6.2816141170560105   7.565602286279641e-05   -41.211507523863645
6.283185306179586   0.0   -90.0
